Price,Close,High,Low,Open,Volume
Ticker,KMB,KMB,KMB,KMB,KMB
Date,,,,,
2020-01-02,114.331787109375,115.79639680481633,113.64156476116862,115.65329190337019,1421300
2020-01-03,114.29813385009766,115.12303577533648,113.31331454138252,113.61633685512088,1352900
2020-01-06,114.55065155029297,114.87892464449986,113.9109435021235,114.3402197503209,1181300
2020-01-07,114.44966888427734,115.08937704696285,113.87728760714602,114.04564335225176,1608500
2020-01-08,115.56073760986328,116.20887123969659,114.41598794588347,114.7695247212395,1741300
2020-01-09,117.38729858398438,117.49671440266683,115.24930398256171,115.77959630815877,1727500
2020-01-10,118.03540802001953,118.498360573713,116.70547743110849,117.24418235438677,1270000
2020-01-13,118.59935760498047,119.17173878099088,117.92598611848044,118.06907820154859,1216100
2020-01-14,118.67512512207031,118.72562670016606,117.97648998969039,118.52360754404502,2187500
2020-01-15,119.65995788574219,119.90405315524062,118.82664322221535,118.82664322221535,1245100
2020-01-16,120.72891998291016,120.72891998291016,119.71043731526933,119.91245645672716,1610800
2020-01-17,121.62957763671875,121.83159678387472,120.71209809205988,120.80468859570584,1640000
2020-01-21,121.70529174804688,121.91572347712659,120.41745059357771,121.71371723719948,1493600
2020-01-22,121.5370101928711,122.74068696864798,121.494921257094,121.95787386316204,2088200
2020-01-23,121.75584411621094,125.61095654292087,116.41088367339763,117.93440797269744,3703300
2020-01-24,120.72050476074219,123.39720374209539,120.46798405023915,122.47971139914313,2107600
2020-01-27,121.17505645751953,122.1177868355966,119.6178559602604,120.25756402485011,2425900
2020-01-28,121.95784759521484,122.43763824100176,121.18346014992008,121.31813957790278,1203300
2020-01-29,120.53536224365234,122.19356626473004,120.36701933081898,121.91579467887153,1107800
2020-01-30,121.73904418945312,121.90738710930258,120.2660211642229,120.6952975364002,990300
2020-01-31,120.56903076171875,124.28946412363831,120.53535447507795,122.17672024596303,1712000
2020-02-03,121.02356719970703,121.68011355861212,120.48486216563771,120.95622746498073,1240200
2020-02-04,120.68682861328125,122.44603506636757,120.45955871339541,121.38546360645954,1334600
2020-02-05,122.1093978881836,122.12622318838777,120.56903523262139,120.8215431730901,1214300
2020-02-06,121.65483093261719,122.95951065862053,121.63799279240602,122.18512317749789,1063400
2020-02-07,121.89892578125,122.24402413382519,121.57063987958554,121.82316058039245,1005200
2020-02-10,123.06893157958984,123.33827758737333,122.0588487301251,122.1093631475879,1241700
2020-02-11,122.26090240478516,123.43931560372057,121.93262923910024,122.94269953015069,1070700
2020-02-12,121.45281982421875,122.24404549794959,121.12454670891964,121.66325163771148,954200
2020-02-13,121.83160400390625,122.54706444380905,121.36022596594067,121.62117219621632,1100100
2020-02-14,122.52181243896484,122.58073950952783,121.42756448108454,121.94944409272053,941400
2020-02-18,121.07404327392578,122.1177896766063,120.80469723552532,122.02519916633835,1381800
2020-02-19,121.01515197753906,122.04206043374512,120.68687880506275,121.10774250535242,1047800
2020-02-20,119.66834259033203,121.08245082454422,119.3737458058512,120.67841256120559,1364300
2020-02-21,118.97814178466797,120.03871340553117,118.78453528617699,119.22223701511913,1562200
2020-02-24,117.94279479980469,119.52524582637474,117.57243282816182,118.45624883435757,2669800
2020-02-25,116.98323059082031,119.01179601603422,116.69704645484245,117.79970691808506,1387500
2020-02-26,116.37721252441406,118.99498495578824,116.04893938932968,117.21052717981566,1703300
2020-02-27,112.79984283447266,117.21891006196047,112.74934126401344,115.86372893178144,2804200
2020-02-28,110.42620849609375,111.64671053394382,106.78152768134898,110.3588687696534,4069200
2020-03-02,118.76771545410156,118.83504232897089,111.21742129024561,111.21742129024561,3094700
2020-03-03,118.50676727294922,120.98987279707914,116.33512239144518,119.23907867338637,2939600
2020-03-04,124.78604888916016,125.50152209785753,120.30805432558073,120.6447528888594,3070500
2020-03-05,121.50489044189453,124.61648581581346,120.26704168871987,122.56469865932382,2588300
2020-03-06,124.17562103271484,124.92171725732405,117.54545428786176,117.9693775957287,3375700
2020-03-09,119.81770324707031,125.08282407051,117.8082977474672,118.35940587114392,3688100
2020-03-10,119.5633316040039,122.28491195545533,114.06080249195142,121.5981582768108,3858200
2020-03-11,113.74710845947266,118.09655293048952,111.78009804257289,117.00283645594844,2985600
2020-03-12,103.70011138916016,111.6105214002301,103.25075374427202,107.7443431302654,3817000
2020-03-13,113.76403045654297,114.41687584546455,106.17581378466282,108.45651633665275,4477400
2020-03-16,114.21340942382812,118.42719469001456,103.68315081946801,103.68315081946801,4316200
2020-03-17,122.1492691040039,124.50628167940378,113.23839282246139,116.51108130254445,5317100
2020-03-18,113.90819549560547,122.94623038851586,112.05988318662294,117.7150184368451,4329400
2020-03-19,107.1762924194336,115.79041702924994,104.75992442086894,115.12061096666395,4362300
2020-03-20,100.28328704833984,108.04108413138373,99.74914606037733,106.70996533119126,3866100
2020-03-23,95.24708557128906,103.24227940504048,94.23815249861777,100.02046615096378,3541000
2020-03-24,99.5202407836914,100.15612579250278,93.82271653832923,98.54522227835942,3076800
2020-03-25,98.6554183959961,103.17444175398795,96.32384054135612,99.69826595949858,3060600
2020-03-26,105.14146423339844,105.69256584623265,98.92674677452808,99.36762418366152,3381700
2020-03-27,105.88756561279297,110.12679878319402,103.04728068233555,103.44576963532229,2288300
2020-03-30,112.28030395507812,112.72967449489565,107.1338825112597,109.33828855017342,2413500
2020-03-31,108.41413116455078,112.05139332113157,107.91389838029389,111.29681047532573,2394600
2020-04-01,106.54039764404297,107.4815013375559,104.08164142303998,105.87907191966738,1951000
2020-04-02,109.60958862304688,110.44896127051666,105.29405327375082,105.49753461167299,2494100
2020-04-03,110.1522216796875,111.40703094510081,107.85455831675854,109.04154477460915,1398400
2020-04-06,112.8907699584961,113.89970948550263,109.92330684947098,112.17858191723705,2270100
2020-04-07,111.39855194091797,114.83233287872095,111.00006304800367,114.39992288077381,2132700
2020-04-08,112.4583740234375,113.10273279076861,110.6015878744538,112.56011147693383,1929800
2020-04-09,111.48336791992188,115.58694286802839,110.66095558093964,112.05989746962149,2256900
2020-04-13,112.51773071289062,113.20448440564307,110.51681217077704,111.19507911757128,1858100
2020-04-14,118.77481842041016,119.23266279577773,114.64580991963844,115.50213026578012,2554000
2020-04-15,116.7230453491211,118.69852957231389,115.93455418391927,117.60481309929874,1857200
2020-04-16,118.46959686279297,119.22417978788928,116.07867627764415,117.6726190220394,1577000
2020-04-17,120.34330749511719,120.45353165546007,116.37538003096148,119.30893396036892,1949200
2020-04-20,118.46112060546875,119.91941770156893,118.11350041622254,119.64810059666117,1814600
2020-04-21,118.24916076660156,119.39375879752791,116.73150817931072,116.951956564678,2020200
2020-04-22,121.07247924804688,121.53031065233405,116.40932363436735,119.50395809405592,3091100
2020-04-23,119.00374603271484,122.59862017557374,118.36786110013846,120.9877039174463,2415000
2020-04-24,120.10592651367188,120.35179628222562,118.25761459767581,118.85110450203798,1511900
2020-04-27,119.00374603271484,120.60617554532287,118.50351965732831,120.41117445505749,1318900
2020-04-28,119.5463638305664,120.27551238276213,117.65566964202036,119.63115366061007,1513800
2020-04-29,117.81675720214844,119.23265932716632,116.60432996060885,119.04613205923715,2495800
2020-04-30,117.40978240966797,118.93590873234228,116.66368626966924,117.68109950574839,3357900
2020-05-01,115.96842956542969,118.3169677159904,115.45124274390787,116.9858426580815,1454200
2020-05-04,115.07820129394531,116.66368303889709,114.84080531000477,116.38389214272914,2393300
2020-05-05,116.26519775390625,117.43521715755563,115.05277049960436,115.48518050576959,1992300
2020-05-06,114.26426696777344,116.77388515522709,114.07773971824663,116.1634346907957,1729100
2020-05-07,115.90062713623047,117.23175250234387,115.24778163463482,115.61236239837196,1861600
2020-05-08,117.43521118164062,117.92696369205088,116.51953543161231,117.67260716085791,1138100
2020-05-11,117.48609924316406,118.35938012942162,116.62129216480106,117.38434886287288,1428700
2020-05-12,116.85023498535156,118.58831031981286,116.59587839537,117.85068785226854,1231900
2020-05-13,116.1634521484375,118.2576341797594,115.73105506161149,116.53650670355566,1398600
2020-05-14,115.80734252929688,116.71454443300088,113.79795059952524,116.10409395915202,1396200
2020-05-15,117.54544830322266,117.59631702763876,115.25626514471381,115.85822896645374,1928100
2020-05-18,116.7739028930664,118.39329292489202,115.56996233231318,117.99480400738285,1740600
2020-05-19,114.6882095336914,116.29911284728803,114.56102478549462,115.94301883913863,1104900
2020-05-20,116.02781677246094,116.53651698943008,113.82341035425588,115.03582482828962,1523300
2020-05-21,116.54499053955078,116.94346650935786,115.14603599277994,115.92605325350455,1597500
2020-05-22,118.47808074951172,118.90200402163191,115.59539473682746,116.46867564242613,1442500
2020-05-26,115.30714416503906,119.47007431296343,115.1121430583281,119.00375606899101,2003200
2020-05-27,117.35892486572266,117.36739867436552,114.06080210790947,115.45974382361493,1904200
2020-05-28,119.37682342529297,119.86008933916945,117.68112994748232,118.52897668638764,1961600
2020-05-29,119.91943359375,120.23313271789955,118.33396448030665,119.56333954920133,1945500
2020-06-01,119.78377532958984,120.97924222748989,119.24962779284442,119.97030263013227,846400
2020-06-02,120.4366226196289,120.47053079425626,118.86810109800712,119.24962951385433,1215700
2020-06-03,120.10592651367188,121.54726283486849,119.83460945047224,121.54726283486849,1417800
2020-06-04,117.65411376953125,120.26826783358999,117.39782134381339,119.65317122609684,1515600
2020-06-05,118.98680114746094,120.17427660998784,115.71483338281263,117.79932568493405,2427300
2020-06-08,118.67927551269531,118.98682382959561,117.1073676865715,117.2269690856119,1959700
2020-06-09,118.38880157470703,119.00389812922495,116.95357193564082,118.9013733464232,1595200
2020-06-10,118.32898712158203,119.21746566175209,117.76515951076634,118.60236914488738,1470500
2020-06-11,117.01339721679688,119.98635566572865,116.62896506974474,119.36272071448516,2108200
2020-06-12,116.13346099853516,118.20086395515105,115.51836439575655,117.2867573520644,1634400
2020-06-15,118.841552734375,119.19181850691524,114.27959849955074,115.21078142458386,1893700
2020-06-16,120.14867401123047,120.80648823705997,118.88431447640532,120.23410917037849,1450700
2020-06-17,121.35323333740234,122.25025032161544,120.14866804533258,120.52456186999898,1381300
2020-06-18,121.66078186035156,122.05375228823432,120.96025008849394,121.36177185322707,1137300
2020-06-19,122.98495483398438,123.75381912648187,121.03714009087878,123.48043704479156,5321200
2020-06-22,121.36177062988281,122.53215663603201,120.49893292903386,121.91707306100584,1098900
2020-06-23,120.080322265625,122.45527356837283,119.74714601914094,121.76329313610395,1775800
2020-06-24,117.81643676757812,120.21701606485841,117.73955294790697,119.60191943633983,1622300
2020-06-25,118.56819152832031,118.63653703510013,116.93648980790255,118.3289887723772,1306200
2020-06-26,116.94503021240234,119.5591839748041,116.18470435970659,118.73906394983281,2516200
2020-06-29,119.13204193115234,119.63607541987949,117.16715081605616,117.97874562824651,1073300
2020-06-30,120.75521087646484,121.1481812532659,119.39686508684761,119.48230023079886,1504600
2020-07-01,121.21652221679688,121.94268180643975,120.46473469204399,120.5928874031663,954600
2020-07-02,122.33568572998047,123.05329418107327,121.65224352321671,122.27589154351065,1049900
2020-07-06,121.93415069580078,123.38645708040308,121.12256886636783,122.83970598141488,1076400
2020-07-07,121.7547378540039,122.92512370408811,121.07983411834654,121.575329268346,1313200
2020-07-08,122.46378326416016,122.59192291709289,121.40444766949298,121.64365037868073,1210100
2020-07-09,121.49845123291016,122.89950160666164,121.2763381008718,122.17334196505537,1209600
2020-07-10,122.369873046875,122.83118907128267,121.13967960101897,121.89145434581577,1073400
2020-07-13,121.43011474609375,123.60002946055714,121.05422092888571,122.25024789596347,1473600
2020-07-14,122.98495483398438,123.28395182081111,121.4557515151264,121.50700739654954,1408700
2020-07-15,122.40398406982422,123.87337968549087,121.93411691907542,123.20702737554562,1281800
2020-07-16,122.74569702148438,123.54874031737782,121.66074647416256,122.77133798900307,1048900
2020-07-17,123.335205078125,123.79653407226826,122.76282602178603,123.35229471676082,1212200
2020-07-20,121.89996337890625,123.56584432720402,121.55823585388863,123.42061501741111,1884600
2020-07-21,122.84823608398438,123.68544570806681,121.82307958002619,122.97637575863958,1128800
2020-07-22,123.2754135131836,123.70256323912285,121.66078807055622,122.83117414824574,1259600
2020-07-23,125.86392211914062,127.59814871985948,123.87340311176553,124.24929690345158,3576600
2020-07-24,125.87247467041016,127.20517969321799,125.2915573160887,126.239830203175,1759300
2020-07-27,125.9066162109375,126.62422438728058,124.81311431301353,125.69304141781843,1652500
2020-07-28,128.81124877929688,128.81978707958135,126.00914808838075,126.18000534308092,2568200
2020-07-29,129.88766479492188,130.47713342011699,128.14489989204236,128.80271402811536,1860900
2020-07-30,129.8192901611328,129.86199468543666,128.32426681456403,129.86199468543666,1193500
2020-07-31,129.88766479492188,130.2977378601892,128.50370404747127,129.0760830360536,1908200
2020-08-03,129.5117645263672,130.2635389616159,129.05898699114275,129.50321319156245,1067400
2020-08-04,133.52699279785156,133.53553109865925,129.37509737990283,129.85350293660906,1895900
2020-08-05,133.134033203125,133.75768123428722,132.53602615012622,133.0400597351126,1343400
2020-08-06,133.67221069335938,134.02247653012657,132.6043365829028,132.98876865555263,1093900
2020-08-07,134.3471221923828,135.24413919113866,133.65514174738033,133.6978593255258,1648400
2020-08-10,135.05615234375,135.77376051634982,134.27019867344006,134.6460923930602,1841100
2020-08-11,133.09127807617188,135.30392310145984,132.56161669801187,134.87677346473146,1643400
2020-08-12,135.69691467285156,136.82459614711334,133.39884718243957,133.77474100719348,1096900
2020-08-13,135.37228393554688,135.95320125019884,134.8255328600499,135.594397078989,837100
2020-08-14,135.17578125,135.5858543198193,134.75718291513962,135.34663851130463,1174000
2020-08-17,134.81698608398438,135.7310926980815,134.603411234213,134.93658747843338,1201700
2020-08-18,134.65463256835938,135.4064200180759,133.41590136458265,134.73152940158656,2209100
2020-08-19,134.4240264892578,135.3466584432901,134.1506444024517,134.93659834865628,1065400
2020-08-20,134.6119842529297,134.9024429668651,133.5697377753248,134.1250272599411,746700
2020-08-21,134.3812713623047,134.6546403371555,133.3902811278805,134.44961686491033,1354600
2020-08-24,134.4838104248047,135.06474079720866,133.97123860446817,134.40692660709036,1003800
2020-08-25,133.3134002685547,134.70589917872104,133.0912741212902,134.70589917872104,1169600
2020-08-26,133.27072143554688,133.91998435998968,132.82648204746715,133.13403038758761,1238500
2020-08-27,133.44154357910156,134.62901904486714,133.39028770851164,133.75764317369345,899300
2020-08-28,133.69784545898438,133.76619096981366,132.11738648054342,133.37320754143852,897600
2020-08-31,134.7742919921875,134.90244474572634,133.62099542379752,133.62953372646948,1147900
2020-09-01,131.78419494628906,134.72298639253083,131.50227463522347,134.4581557160797,1418800
2020-09-02,133.70640563964844,134.42402710300334,131.60483623892637,131.60483623892637,1365500
2020-09-03,130.96241760253906,134.55796404839273,129.88719249906995,133.9558406155113,1543100
2020-09-04,130.94520568847656,132.7085774207788,129.10442090153964,131.0398260192432,1592800
2020-09-08,128.14105224609375,131.6075775860815,127.59053741388328,131.00545403918082,2038600
2020-09-09,130.2742462158203,131.66774661096576,129.49147933880644,129.73234179160636,1730900
2020-09-10,127.4356918334961,130.4119211112259,127.33247440922732,129.9732339327753,1723600
2020-09-11,127.73674774169922,128.2012392310794,126.66152259235831,127.82277100376929,2101200
2020-09-14,127.73674774169922,128.73455983036126,127.43567944976097,128.39047990738797,1583500
2020-09-15,125.99919128417969,128.63995078288676,125.9217782167063,127.73675895310619,1811500
2020-09-16,127.09159851074219,128.09800756350634,126.08518945797806,126.24001556210844,1476600
2020-09-17,126.11962890625,127.15185574620308,125.06161083313853,126.24866382389888,1450400
2020-09-18,125.56045532226562,126.73889753138266,124.4508159517411,125.62066108735985,1949400
2020-09-21,125.4744644165039,126.28303579398904,124.17559721722216,125.45727026507696,1238800
2020-09-22,126.41206359863281,127.20342765504428,125.19920660036176,125.20780367559354,1075400
2020-09-23,124.57128143310547,126.68731701089351,124.39923492245748,126.54968505249751,1446100
2020-09-24,125.99919128417969,126.59271771875856,124.33043960588778,124.48527886614269,1110900
2020-09-25,125.94754791259766,126.32602919427839,125.07016068009271,125.59487097964019,1013700
2020-09-28,126.9281997680664,127.67655241010118,125.84437734250129,126.420696553935,1483300
2020-09-29,125.87876892089844,127.25506250854781,125.6035180785536,126.96260438689754,965800
2020-09-30,127.01419830322266,127.58192032639043,126.17121234446802,126.39486757345907,1578800
2020-10-01,126.98841094970703,127.86578532990276,126.01640309434134,127.37548942630029,1181700
2020-10-02,126.81636047363281,127.74535666384774,125.44008003003562,126.11961661229869,1101800
2020-10-05,128.62274169921875,128.70015476560596,126.73894499861545,126.73894499861545,1345900
2020-10-06,129.0270233154297,130.28289211750186,128.35608384421406,128.6227375923501,1626400
2020-10-07,129.75816345214844,130.48071153104226,128.6571340580324,129.4398879141812,1139300
2020-10-08,129.2936553955078,130.05921508053515,128.82916396455076,130.05921508053515,1342300
2020-10-09,131.1688690185547,131.39251112088405,129.45710588342422,129.5431291441007,1221300
2020-10-12,131.9430389404297,132.75161041982258,131.20328345133703,131.66778810453675,1131100
2020-10-13,132.656982421875,133.71500032043292,131.8656182670318,132.49354609500276,1856200
2020-10-14,131.29786682128906,133.55153408638628,130.110814292196,132.22686274075696,1790900
2020-10-15,132.7429962158203,133.32791236994137,130.96241715047466,131.52152895222605,1080500
2020-10-16,131.8914337158203,132.63118922446972,131.33230870183976,132.51076451958764,1357300
2020-10-19,129.72373962402344,132.59673758368044,129.38826995957612,131.89139683100097,1132700
2020-10-20,127.75394439697266,131.38390524935616,127.31524417232116,130.99681372753287,1637300
2020-10-21,127.63356018066406,128.614165221212,126.52392021683002,127.13465401964001,2179200
2020-10-22,118.78226470947266,122.51544312584439,117.01889291132083,121.0703468841417,6301600
2020-10-23,117.74147033691406,119.7886902939781,117.59524127750294,119.18656677719457,2661600
2020-10-26,116.71783447265625,118.18873502547812,115.75443700529661,117.00169546756888,2295100
2020-10-27,115.91787719726562,118.55863666973238,115.91787719726562,117.50061871551821,1899700
2020-10-28,114.3953628540039,115.33295606726942,112.79542725026583,114.44697156294586,2728000
2020-10-29,114.25773620605469,115.3845701548395,112.29652642299403,113.87925482242754,2613300
2020-10-30,114.05126190185547,115.74581753482202,112.72659049032426,114.70500709547001,2140000
2020-11-02,115.5652084350586,117.27695853384225,115.00608346221718,115.49639244800238,1965100
2020-11-03,116.42537689208984,117.93928907935394,115.78024184420306,116.17591732340217,1821900
2020-11-04,116.2275390625,118.48981708424314,116.02970130071226,117.13073085589876,2240900
2020-11-05,115.53939819335938,117.61242227457826,115.43616765538135,117.49199758469291,1962500
2020-11-06,117.13931274414062,117.80165505679496,115.56519480512326,115.60819330731805,1681900
2020-11-09,114.11148834228516,117.41457657724183,113.8534317027685,116.26193846274747,3282900
2020-11-10,117.45761108398438,117.89629826889933,112.80403296677177,113.88785531348968,2420700
2020-11-11,118.51560974121094,118.62743735111344,116.64902055258838,118.08551970350142,2335800
2020-11-12,118.81666564941406,119.42738608921661,117.45757969669036,118.72204532595529,2299400
2020-11-13,120.71769714355469,120.72630734653836,118.64465952214192,118.94572786976298,1655400
2020-11-16,122.22300720214844,122.54987989358264,119.27259527787467,119.71128247534519,3730800
2020-11-17,123.71969604492188,124.24440639143609,120.98431670767062,120.98431670767062,3224800
2020-11-18,121.33699798583984,124.20139918008834,121.31119363388946,123.86592947942714,2753700
2020-11-19,121.9219741821289,123.67673641667388,120.94996613352903,122.41227018320171,2377400
2020-11-20,120.21875762939453,122.44663390756172,119.8230821612839,121.81869302832904,2629900
2020-11-23,119.75425720214844,120.42519653280684,118.9456859253794,120.2359558882309,2085800
2020-11-24,119.737060546875,121.6896729389168,119.608038789269,120.24456362719985,2575200
2020-11-25,121.02733612060547,121.87030893429542,120.53704029412998,120.56284464682308,1375300
2020-11-27,121.6036605834961,122.98855111559324,121.07035310384741,121.10475453385725,1174200
2020-11-30,119.83169555664062,122.54986800249465,119.64245487209968,121.70689512382614,7673600
2020-12-01,121.52626037597656,121.64668508170912,119.10055898184676,119.99514063510173,1971300
2020-12-02,118.99732208251953,121.60366695887019,118.55003784240613,121.32841612843947,2453100
2020-12-03,119.47411346435547,119.58679953505948,118.28647185640146,118.45118214545022,2363500
2020-12-04,119.1100082397461,119.68215558417273,117.96572677850978,119.42208740692271,2131000
2020-12-07,118.69390106201172,119.2660483773682,117.96572078480328,118.76325345426247,1772300
2020-12-08,118.39048767089844,119.24869533254729,117.1768407663987,117.85300999032233,1733100
2020-12-09,117.68830871582031,118.51186008904361,117.20285520799354,118.32980840980056,2162700
2020-12-10,116.214599609375,118.15642674835493,116.11924173139796,117.75765383291956,2076100
2020-12-11,117.8963851928711,118.52054358445457,115.86787703403388,115.87654112394375,1816700
2020-12-14,117.8963851928711,119.54346175378305,117.8443741981755,118.54654908180237,1959700
2020-12-15,117.74034118652344,118.51186840005732,117.34156821849139,118.19111191676514,1419900
2020-12-16,117.90504455566406,118.99732831095177,117.38492140194303,118.03508526480756,2077200
2020-12-17,118.17378997802734,119.70816716939296,117.37624399985359,118.24312914971253,2452200
2020-12-18,117.09884643554688,118.32982174847331,116.68274527159284,118.15644736579392,4072700
2020-12-21,116.37065887451172,116.86477649588409,114.63688870000978,116.59604423525496,1804900
2020-12-22,115.0096435546875,116.50935105993696,114.49818452509616,116.2492961144612,1600500
2020-12-23,115.72915649414062,116.51802508007694,115.01830438963985,115.33038354299838,1309800
2020-12-24,116.06723022460938,116.46600313824506,115.33905001113395,115.78983390750142,529800
2020-12-28,116.11925506591797,116.83877127734915,115.65980702679947,116.39666464374929,1059100
2020-12-29,116.27531433105469,117.5583007037054,115.95455781717835,116.31864800829742,1044200
2020-12-30,115.4084243774414,116.11059923328374,115.21770858602525,116.05858824064619,1196400
2020-12-31,116.88211059570312,116.95146298566236,115.42573686179074,115.78116289997591,1480700
2021-01-04,115.6424789428711,116.94280672661081,114.85362347372553,116.4660304546675,1837000
2021-01-05,115.76384735107422,115.93723497850583,113.9260549033446,115.89388807164794,2246200
2021-01-06,115.15701293945312,116.68273917357702,114.8362696868779,115.90253465086816,1821800
2021-01-07,114.08207702636719,114.94896206994865,112.88577143338765,114.74090489754734,1957000
2021-01-08,114.22077941894531,114.5848695844847,112.98980412756433,113.9953940481687,1650000
2021-01-11,113.9520492553711,115.37374035895918,113.75266937647025,114.50685521707334,2269600
2021-01-12,112.97248077392578,114.27280851822445,112.10559561106,113.78734171582063,2196100
2021-01-13,114.14275360107422,114.57619612856108,112.84242601861366,113.05048319374919,1694600
2021-01-14,114.05606842041016,114.66288528883251,113.5706016980566,114.38547573320191,1848300
2021-01-15,113.81333923339844,114.32481149662108,112.71240467762684,114.15142389410931,3343200
2021-01-19,114.12542724609375,115.05300072649158,113.3885827887673,114.6022167347273,1865800
2021-01-20,113.9000244140625,114.22076764472318,112.79041262557679,113.59660936024798,2013500
2021-01-21,113.57061004638672,114.09941047651482,113.17185031537534,113.38857158628659,1745000
2021-01-22,114.61088562011719,115.21770254845337,113.28453923927363,114.27280095807153,2497600
2021-01-25,118.33848571777344,122.21346335238259,115.51244492287834,115.8158600129723,4608900
2021-01-26,118.8759536743164,119.07533353633558,115.32171960247742,117.89636931409002,3134800
2021-01-27,120.19359588623047,122.03140101873544,118.87594025476189,119.13599516385771,2906300
2021-01-28,117.16819763183594,120.54038026667426,116.87345986154364,119.92488600271811,2421500
2021-01-29,114.5155258178711,118.20845154377366,114.42016792875165,116.75207771246015,4039500
2021-02-01,115.5037612915039,116.18859461619223,114.65420447402312,114.68888728122634,1563200
2021-02-02,114.73223876953125,115.72048717254202,113.43191122727416,115.50376591549917,1799200
2021-02-03,114.76692962646484,114.81027653143241,112.9204599413167,114.25547053965516,1734400
2021-02-04,113.99539184570312,114.68022526173495,113.3278866079689,114.40282890518611,1674100
2021-02-05,114.57620239257812,114.74957676752821,113.73532278507246,114.16010124717454,1550600
2021-02-08,114.59355163574219,115.00965280960413,113.70932506711995,114.59355163574219,1451000
2021-02-09,114.80159759521484,115.14835960244783,113.74400984910389,114.87962731410354,1837200
2021-02-10,115.12234497070312,116.14526304873395,114.76691890184821,115.29571934675378,1543300
2021-02-11,114.50684356689453,115.40841143019412,114.21210582326881,115.33905903858522,1275500
2021-02-12,114.54151916503906,114.86226238187228,113.82200302846519,114.46348946213163,1721900
2021-02-16,112.90310668945312,115.03563637306411,111.59410187925735,114.10807630530583,2960400
2021-02-17,113.3625717163086,113.7873369626941,111.65480695859034,112.27028799104917,1752200
2021-02-18,114.59355163574219,114.89695350575113,112.85978131242993,113.05049710620371,1453300
2021-02-19,113.2412109375,114.67156613839732,112.99848415465217,114.31614005364959,2058800
2021-02-22,113.61398315429688,113.78735756549614,112.58238755037465,112.69508687008303,1786000
2021-02-23,114.420166015625,115.77250461862258,113.39723474693676,114.61088179067508,1914100
2021-02-24,113.3972396850586,114.34214128501661,113.27587629816139,113.78733534096982,1932100
2021-02-25,113.1805191040039,114.88828384790747,112.99848063634477,113.39724038391434,1611600
2021-02-26,111.24736785888672,113.82201769623245,111.13466856164261,113.56194951746295,3012100
2021-03-01,111.29937744140625,113.05048904684807,111.08265616644225,112.01889366160074,2291900
2021-03-02,111.94086456298828,112.63436198263159,110.97862168147549,111.16066012446647,2413000
2021-03-03,113.15451049804688,114.04740108852323,111.663467075042,112.12291511761268,2975100
2021-03-04,112.5335922241211,114.85982617239846,112.27124604843225,113.3206707836661,2331700
2021-03-05,115.07844543457031,116.11912964181612,112.41114837905761,112.81343471536368,2541900
2021-03-08,116.4427261352539,117.78074518903955,114.16897445846425,115.03474364376008,1896600
2021-03-09,115.7256088256836,117.12483736085656,115.61191658654198,116.20659905571411,2022400
2021-03-10,117.57085418701172,118.44537703774027,114.7636299647428,116.42523138762287,2193900
2021-03-11,115.91799926757812,117.11609122785303,115.9005050752953,116.6875702539567,1964100
2021-03-12,116.72257232666016,117.76325671090814,116.39900312435667,117.10736453705374,2109700
2021-03-15,117.40470886230469,118.16553957697899,116.3640243916996,117.17733769373208,2292600
2021-03-16,117.5621109008789,117.9818915144541,116.81003399258539,117.5621109008789,2157100
2021-03-17,115.91799926757812,118.43661584578992,115.84803584260573,118.19175053046597,2189300
2021-03-18,115.78681945800781,116.5826384503649,114.09899677063913,115.88301750482196,2727700
2021-03-19,113.96783447265625,116.38151295195497,113.6879807302768,114.8860728724567,6552900
2021-03-22,116.33777618408203,116.40773961489434,113.78417100815267,113.78417100815267,2682800
2021-03-23,118.30545043945312,118.75145229040898,115.72561069295679,116.58263935219264,2198100
2021-03-24,118.6552505493164,118.82141202121383,117.04613175312113,117.46591231712284,2136000
2021-03-25,118.64651489257812,119.93206456515256,118.06932660200188,119.37237046815251,1837200
2021-03-26,119.9233169555664,119.96703242064805,117.8332079777876,118.41038288962412,1722300
2021-03-29,121.4800033569336,122.24957458767422,119.35490534911102,119.64349956469991,2511200
2021-03-30,120.95526885986328,121.95222450377176,120.45679770998976,120.82409575309694,1861200
2021-03-31,121.60240173339844,124.36589706863982,121.17388074437602,122.0833919569625,3490600
2021-04-01,119.79212188720703,120.90276950984621,117.88566870808853,120.63166959393101,3235300
2021-04-05,121.06021118164062,122.04842643113474,119.7746746621079,120.43930733105509,2035300
2021-04-06,120.72789001464844,120.94652074146086,119.87086130190873,120.36933242007754,1882800
2021-04-07,119.75717163085938,121.6111559639927,119.25868715780322,121.11268483509741,1498400
2021-04-08,120.2906265258789,120.3518361893873,119.21496710452539,119.80089584117033,1527400
2021-04-09,119.53852844238281,120.89404150536456,118.72521526693,119.98453028430245,1487100
2021-04-12,120.01077270507812,120.69289949314775,119.44233816307354,119.78340155710836,1716700
2021-04-13,119.9932861328125,120.49175721840297,119.48606127845888,120.19442265196938,1616900
2021-04-14,119.17123413085938,119.77465704065308,118.14804398370653,119.69593984151834,1603900
2021-04-15,121.49745178222656,121.71608249227376,119.43359068977428,119.72217148417617,2318000
2021-04-16,121.75105285644531,122.25827762997213,120.83280134133913,122.13584498423515,3629100
2021-04-19,121.49745178222656,122.26703615172373,120.44802704283198,121.30506903401182,1840600
2021-04-20,124.5232925415039,124.9518134884367,121.2438322631679,121.55866098365448,2518300
2021-04-21,123.71875,125.38033809537266,123.23775975844691,124.98680547743281,2131900
2021-04-22,122.72179412841797,124.25220912822171,122.43319998429867,122.97539988552657,2282700
2021-04-23,115.533203125,118.4366117685287,115.0172378957698,117.61457157775983,8340700
2021-04-26,114.14273834228516,115.43702856253023,113.03209046747752,115.25337287293168,4150700
2021-04-27,113.20699310302734,113.83665069397267,112.83969506566943,113.7666872567386,3671100
2021-04-28,113.37313842773438,114.08149978047216,112.4986156032859,113.53929989944508,3156000
2021-04-29,115.98798370361328,116.11915680909905,113.68798406358002,113.74045330577432,3110300
2021-04-30,116.59136962890625,117.03737138999689,115.56816635460683,115.95295846730797,3209000
2021-05-03,117.83319091796875,118.76018282536255,116.31151664814904,116.57387612144997,2006300
2021-05-04,117.81571960449219,118.90887316870833,117.43092741482255,118.32294445958765,2046300
2021-05-05,118.55906677246094,118.96133980256371,117.13359028577285,117.6320613611888,1991300
2021-05-06,119.04879760742188,120.29935885426622,118.29670743676377,118.8826361339733,2488100
2021-05-07,118.49787139892578,119.14502324957859,118.14806752212903,118.63779828730951,1509700
2021-05-10,119.7221908569336,120.48303492504172,118.91763131506988,118.9963485249857,2826000
2021-05-11,117.36971282958984,120.59669080666417,117.05488408253879,119.98452750522023,2254400
2021-05-12,116.29402923583984,117.7894689799003,116.25030043038161,117.38718265150577,2729000
2021-05-13,116.9674301147461,117.80697791447653,115.81305355813667,116.28530336553492,2198200
2021-05-14,117.34347534179688,118.80394031552309,117.29100610329851,117.68455208035692,2139300
2021-05-17,116.86250305175781,118.33169516450666,116.78378584673415,117.19481269012097,1542200
2021-05-18,116.25907897949219,116.70508086425579,115.19215995084754,116.2240905900044,2254600
2021-05-19,115.94425201416016,116.08417888598535,114.78113491241504,116.04045007051985,1826700
2021-05-20,116.03168487548828,117.02865373095224,115.6294118388032,115.83930212587344,2092200
2021-05-21,115.74309539794922,116.94118733773603,115.62940316629341,116.15412217253392,2329900
2021-05-24,115.54193878173828,116.26779424871275,115.22711006526933,115.64689058333317,1602700
2021-05-25,115.52447509765625,115.71687119431242,114.30013508764793,115.54195594705419,2172800
2021-05-26,114.58873748779297,115.63816232614535,114.33513171165413,115.5594584657051,2539800
2021-05-27,116.18910217285156,116.31153483364693,113.9240912760577,114.28263548999892,6780100
2021-05-28,114.23892974853516,115.59442955695124,114.14273169656754,115.18341607399176,4278200
2021-06-01,113.69672393798828,115.29710253796198,113.32068547464469,114.99976793752828,2693500
2021-06-02,114.33512878417969,114.57999412872027,113.72295207866776,113.93284237862846,3056500
2021-06-03,114.33512878417969,115.47318080234793,113.55877487315664,114.92621152587601,3778700
2021-06-04,115.19087982177734,115.49082984935568,114.22043742485954,114.61743169212966,2423600
2021-06-07,115.64080810546875,115.78196581471268,114.45864257901596,115.27027921485848,2515100
2021-06-08,114.44100189208984,115.94076563044604,114.30867494458877,115.75550790394455,2484200
2021-06-09,114.07046508789062,115.94957492014234,113.92049007058209,114.44099397680702,1938800
2021-06-10,114.37922668457031,115.26144212667742,114.16750359384979,114.30866129535636,1576800
2021-06-11,114.45863342285156,114.62624304493815,113.69992762328349,114.62624304493815,1508500
2021-06-14,114.2645492553711,114.86444930194344,113.56759150895614,114.68800890363036,1549300
2021-06-15,113.99988555908203,114.68801255750385,113.9116586263449,114.56450292859583,1880400
2021-06-16,113.70874786376953,114.82033447534529,113.4617286167527,114.33512675112323,2096200
2021-06-17,114.75857543945312,115.08499081437861,113.36467355775531,113.62934085759075,2369100
2021-06-18,113.53231048583984,114.45863941754939,113.40880085904789,114.29983363365133,3144800
2021-06-21,114.21161651611328,114.3704088333999,113.71756456318546,113.92930111444025,1462700
2021-06-22,114.80269622802734,115.04088469769957,113.8763673502408,114.32629236560504,2279600
2021-06-23,114.95266723632812,115.464353774472,114.68799992880012,114.8820883902181,2638600
2021-06-24,115.6319808959961,115.71137705257016,114.8644443311633,114.91737510221267,1957300
2021-06-25,117.39642333984375,117.53756758942582,115.49083462431315,115.7907846642929,4882200
2021-06-28,116.42597961425781,117.96103941725822,116.09956418974777,117.184685476218,2873700
2021-06-29,116.9288558959961,117.45819066865778,116.45246536983454,116.69948467399868,1890700
2021-06-30,118.02278137207031,118.24333523372563,117.01705630138363,117.01705630138363,1987700
2021-07-01,117.79339599609375,118.50798826783009,117.49343254964849,118.17274213085243,1594600
2021-07-02,118.52564239501953,119.10789431852545,117.69635777902393,117.83751547143562,1896300
2021-07-06,118.78148651123047,119.21377692374195,117.8375229887772,118.82559997561562,2376600
2021-07-07,119.73429107666016,120.13128536710981,118.70210053687487,118.92265441618473,2464800
2021-07-08,119.36373901367188,120.56355242276942,118.76382557835416,119.30197747790977,1656800
2021-07-09,119.1167221069336,119.91071054918793,119.09907403043914,119.57546440348412,1741700
2021-07-12,118.83441925048828,119.69898662827977,118.4815384526459,118.6579788515671,1962300
2021-07-13,118.51680755615234,119.66369020992337,118.10216526239252,119.01967677002455,1752300
2021-07-14,119.3108139038086,119.60194659719546,117.95219466800313,118.65796967061935,2368300
2021-07-15,120.10482025146484,120.16658179935139,118.41096806990055,119.10791240702576,1422200
2021-07-16,122.20447540283203,122.39856385890171,120.21066007439583,120.66941583070036,2327100
2021-07-19,122.66322326660156,123.86303674880564,121.0664155467904,122.37210403081808,2789100
2021-07-20,121.50753784179688,124.21594590607967,121.33991474185228,122.88379187696664,1957500
2021-07-21,119.4872817993164,121.50754957963535,119.27554521132066,121.47226687907354,2256300
2021-07-22,119.05496215820312,120.45768137361631,118.52564101015163,118.62268523985848,1686500
2021-07-23,119.68135833740234,120.11363531837696,114.37041724145774,115.08500964486011,5014000
2021-07-26,119.18730926513672,120.545915096138,118.21686691332218,118.57857846822932,3038800
2021-07-27,120.20183563232422,120.59882982834371,117.91690121694477,118.5961973113307,2082200
2021-07-28,119.00202941894531,120.20184284748076,118.32271982224631,119.99893708383128,2133900
2021-07-29,120.14009094238281,120.48416788358004,118.87852933748303,119.40786398074425,1695800
2021-07-30,119.73429107666016,120.58121043474735,119.48727180875636,120.25479500106171,2687200
2021-08-02,118.80795288085938,119.86660872716804,118.61386440518984,119.70781640791449,1587600
2021-08-03,119.66370391845703,119.97248471268595,117.79341145935031,117.91692108473397,1461000
2021-08-04,117.95220184326172,119.9195385086928,117.55520758687096,119.61958848933438,1274400
2021-08-05,117.69636535644531,118.60504618484744,116.72592298555985,118.46388848334786,1733000
2021-08-06,117.55521392822266,118.16394476957731,117.0258792501212,118.02278706054491,1339500
2021-08-09,118.43744659423828,118.48156006740115,117.56404828716475,117.80225027301063,1550600
2021-08-10,118.11981964111328,118.3933042619005,117.44934078171433,118.11100233324679,1735700
2021-08-11,118.38449096679688,118.76383714099522,117.9522005589888,118.44623904703278,1005600
2021-08-12,118.46390533447266,118.7815034772544,117.98751485107066,118.7815034772544,976200
2021-08-13,120.4047622680664,120.74882575916627,118.56975249502061,118.94029483454933,1425400
2021-08-16,122.24858093261719,122.83083280151631,120.14890420491251,120.42238879484974,1833100
2021-08-17,122.822021484375,123.28077723329153,121.66632153555075,122.04566767259901,1534000
2021-08-18,120.52826690673828,122.5397169963274,120.44005344127083,122.5397169963274,1279400
2021-08-19,122.54856872558594,123.08672076467273,120.64297985325815,120.70474140503369,1452900
2021-08-20,121.9486312866211,123.20137554246055,121.90451782419981,122.53971399075768,1505100
2021-08-23,121.28697204589844,122.05450861434463,121.10171434635346,121.87805476129742,1303000
2021-08-24,119.80485534667969,121.26050538827705,119.78720726925229,121.00466884250461,1052100
2021-08-25,119.73429107666016,120.14893344668593,118.92265441618473,119.3284660156522,1114300
2021-08-26,120.27243041992188,120.56356312534909,119.34610153202422,119.80485732192822,1351400
2021-08-27,120.29009246826172,121.13701183555841,119.76957507665952,121.13701183555841,1254200
2021-08-30,120.6341323852539,120.82822084011026,120.06068432807358,120.2459554755412,860500
2021-08-31,121.57809448242188,121.65749063266479,120.28123684896946,120.85468489986775,1875600
2021-09-01,123.22785949707031,123.56310570814445,121.55165536478113,121.57812075391426,2108900
2021-09-02,123.90715789794922,124.2335867699762,123.3160751587916,123.51016363571375,1750100
2021-09-03,124.17182159423828,124.51588507298278,123.59838695017717,123.8277581154938,1426800
2021-09-07,123.38667297363281,124.0659827472623,122.4250612111643,123.81013268766216,2707000
2021-09-08,124.82467651367188,125.12462655427795,122.98083587944438,123.02494934695477,2390700
2021-09-09,122.55673217773438,124.69124163118595,122.20987405227649,124.30881422888527,2923800
2021-09-10,121.88969421386719,122.63677115284099,120.96473018105019,122.32548230949529,2133400
2021-09-13,122.89469909667969,123.92638464134801,122.02310923971298,122.13873314911518,2278300
2021-09-14,122.84135437011719,123.80188790862769,122.40556617038777,123.14375435936017,2165300
2021-09-15,121.863037109375,123.06369379656279,121.64069177053847,122.78798774774668,1374300
2021-09-16,120.90249633789062,122.26324864397249,120.49337496787517,121.60510159512386,1859000
2021-09-17,120.22655487060547,122.1031499135263,120.19987451788614,120.92917368123153,5852300
2021-09-20,119.63068389892578,120.7335216897496,118.67905288427079,120.0931660139013,2115400
2021-09-21,119.6218032836914,120.95587543927161,119.05259970681254,119.72852471345503,2083300
2021-09-22,118.67903900146484,120.35996906121453,118.51005438859414,120.21766480080962,1406500
2021-09-23,118.80355072021484,119.27492170385567,118.16319512529124,118.34106866368533,1015200
2021-09-24,118.27882385253906,119.30160691814892,118.1454085151454,118.97254018016484,920000
2021-09-27,117.78075408935547,118.80355068385032,117.62956090322271,118.16319508912274,972600
2021-09-28,118.73241424560547,119.18599386394726,117.43391145944634,117.53174395409451,1951300
2021-09-29,120.76017761230469,121.35606138465077,118.59008532442934,118.74127849912492,1652800
2021-09-30,117.78964233398438,121.24044555790302,117.7006987901368,121.11591916816462,1850200
2021-10-01,117.55841827392578,118.27882855437343,116.65125908381926,117.92306787806308,1709300
2021-10-04,117.53172302246094,118.68792132487809,116.86468710616802,117.55840337344222,1758000
2021-10-05,117.33606719970703,117.78075784517709,116.65125337671783,117.04258331607252,1744200
2021-10-06,118.33218383789062,118.5189463098691,116.60678195681635,117.11372223735378,1530900
2021-10-07,118.9102783203125,119.81745105550105,118.63457228581446,118.9102783203125,1709500
2021-10-08,118.17210388183594,119.17710922018134,117.39834639599952,119.15931779209218,1038400
2021-10-11,117.88749694824219,118.3855483172336,117.72740125341953,118.27882690127315,845600
2021-10-12,117.9141845703125,118.84803773017391,117.46949388189115,117.46949388189115,940100
2021-10-13,117.88749694824219,118.43002009751112,116.90917206566478,117.89638587594489,1051900
2021-10-14,118.55450439453125,118.88357106176552,117.8429967940518,118.0920224185878,1074000
2021-10-15,118.58118438720703,119.2571091416563,117.9675092532661,118.58118438720703,1210400
2021-10-18,116.98030853271484,118.52783671129025,116.96251710881026,118.34106068749246,1278400
2021-10-19,115.41500091552734,116.20654963240514,113.97419415841316,115.93973256102251,3702600
2021-10-20,117.06927490234375,117.89639306825987,115.4150249996287,115.4150249996287,1694800
2021-10-21,116.75797271728516,117.79854718071616,116.60677952901376,117.53173008399202,978600
2021-10-22,118.32327270507812,118.3410641295002,116.70460592556498,116.70460592556498,2155000
2021-10-25,115.7173843383789,116.12650564694164,111.41277595582345,114.00087162688004,5884900
2021-10-26,118.52783966064453,119.16819522834224,114.46336094819878,114.79244122966153,2892700
2021-10-27,114.96142578125,119.07037675229732,114.71240009462677,118.83023999345275,2704400
2021-10-28,115.67292785644531,116.17988170335967,114.64124230793574,114.9614201136497,1965400
2021-10-29,115.16598510742188,116.0197835237376,114.7835441058929,115.5217321857399,1751300
2021-11-01,115.86859130859375,116.27771266588346,115.19266642576865,115.26381855620518,1249100
2021-11-02,117.01589965820312,117.5228399228634,115.5395234999274,116.2510312267611,1204000
2021-11-03,117.49615478515625,117.62066761446489,116.31327612128395,116.9091599166096,1093500
2021-11-04,116.7313003540039,117.54952955464611,116.34887289353425,116.90917390703356,1147400
2021-11-05,117.6029052734375,118.0209156403942,117.01592383060985,117.69184884674554,1069400
2021-11-08,117.87860870361328,118.15432834632128,116.47339798727512,117.5762222745726,1056700
2021-11-09,117.80744934082031,118.7323998931447,117.4250083367407,117.97642038307556,1102500
2021-11-10,119.80854797363281,120.21765572781953,117.98531379108016,118.49225402055157,1654500
2021-11-11,119.19490051269531,119.7285212168129,118.59011409630206,119.55953657736649,1345600
2021-11-12,119.09703826904297,120.01309980798905,119.02588614542154,119.75517166350134,1232300
2021-11-15,119.87083435058594,119.88862577996854,118.83914858054462,119.07928537911452,1281200
2021-11-16,119.03478240966797,121.08925091144442,118.97253277946182,119.99531578144932,1042800
2021-11-17,119.54173278808594,119.83523021857994,118.06535670895141,118.91026615201453,1429900
2021-11-18,118.33218383789062,119.34607796984704,117.77186928019206,119.2660369104277,1014200
2021-11-19,119.56842803955078,120.52005900470179,118.99922453183821,119.40833234347551,1739100
2021-11-22,120.45781707763672,121.64069594938968,119.2482578499774,119.62179640354945,1235600
2021-11-23,120.76908111572266,121.4805888720194,120.1020451387348,120.457805802324,1452100
2021-11-24,120.27103424072266,120.95586166913759,119.4172357580463,120.55564278220291,1017100
2021-11-26,120.30661010742188,122.24545479285554,120.03979300799925,120.6445657672012,1184800
2021-11-29,120.10205078125,121.36498423272347,120.07537042658755,120.44002003481746,1025000
2021-11-30,115.895263671875,119.80854915083286,115.77963977152605,119.58620384762662,2652700
2021-12-01,117.18486785888672,119.01700462161324,116.28659768769579,116.55341477515157,1850800
2021-12-02,118.10093688964844,119.04369246745912,117.52284447283547,117.52284447283547,1493700
2021-12-03,120.4133529663086,120.68017011325546,118.56343793726322,118.96365687224159,1749700
2021-12-06,121.32939147949219,123.09036259794068,120.91138119604454,120.99142225350101,1732100
2021-12-07,121.73853302001953,122.5122905121504,120.92919267142088,120.97366445656387,2339800
2021-12-08,121.74740600585938,122.52116339666662,120.51116653771732,121.81855813859408,1464400
2021-12-09,121.62184143066406,122.50972794761093,121.20928436732662,121.4065924822037,935000
2021-12-10,122.03440856933594,122.55456962257927,121.82812317821282,122.42004757171418,1213800
2021-12-13,124.91327667236328,125.3078928927941,121.64874296449844,121.98057311129433,2144200
2021-12-14,123.84603118896484,125.20924721856005,123.18237085095099,125.08368874773201,2681100
2021-12-15,124.03435516357422,124.99397752754513,123.55004851010915,123.97156909615128,2440900
2021-12-16,127.1913070678711,127.24511589246785,123.89089108250114,124.19581687844851,2471700
2021-12-17,124.99400329589844,127.84599394080337,124.82359957472882,126.70699039786494,3237600
2021-12-20,126.72492980957031,126.97604675852159,124.12405614565029,124.35724594456742,2209400
2021-12-21,124.92225646972656,126.72493410308861,124.17788285751735,126.60833919967973,1496700
2021-12-22,124.85945129394531,125.68455160682237,124.08815978856221,125.34374424623506,980600
2021-12-23,124.56353759765625,125.23617532253773,124.07026719577327,124.85949983878605,1115600
2021-12-27,125.379638671875,125.38860224575511,124.16888564062543,125.05677210919815,825200
2021-12-28,125.37067413330078,126.07919340223867,124.89534465736135,125.49623260458957,1187900
2021-12-29,126.51863098144531,127.04776917580601,125.4513773347841,125.89082505881323,1239400
2021-12-30,126.9222412109375,127.30788021932372,126.4917432717674,127.07470409924235,778300
2021-12-31,128.17782592773438,128.50069253953612,127.04779962885208,127.11057202525501,1230600
2022-01-03,127.73835754394531,128.115046641496,125.20924729154973,127.2451009199492,1994200
2022-01-04,128.428955078125,129.9625750510215,127.4513915746504,127.59489090126566,2027100
2022-01-05,129.20022583007812,130.33026573724,128.27647130317877,128.27647130317877,1935600
2022-01-06,128.35716247558594,130.2943616822951,128.22264045491633,128.94012316312464,1692700
2022-01-07,128.9132537841797,129.4334285468389,127.62178729548756,128.64419598489414,1305300
2022-01-10,129.675537109375,130.7517543632248,128.7428191386638,128.7428191386638,2706400
2022-01-11,128.3751220703125,129.28093573985473,126.60832628810769,128.55448935237033,2442000
2022-01-12,128.33026123046875,129.0387803830217,127.19127160117641,127.40650683954611,1293900
2022-01-13,128.1509246826172,128.6890402771947,127.119552425333,128.20473350510534,1303700
2022-01-14,128.428955078125,128.90428462329518,127.21821543253735,128.2495877622804,1367800
2022-01-18,126.34823608398438,127.81906957971896,125.63075332597707,127.79216517371765,2214300
2022-01-19,127.96257019042969,128.86839758152365,126.2675239893318,126.52761819097448,1712200
2022-01-20,126.96707916259766,128.36616317240365,126.78769818915839,127.5320854374212,2151600
2022-01-21,128.53656005859375,129.56793217685,127.8100999983858,128.34821552042587,2579700
2022-01-24,127.17337036132812,129.65764942806098,124.47384230436947,128.9760344681038,2762000
2022-01-25,125.22718811035156,127.06571993013826,123.86397208013116,127.06571993013826,2483200
2022-01-26,120.9312744140625,121.76535219363282,116.81473539172336,116.99410268990427,5636700
2022-01-27,123.2989501953125,124.60835738684817,121.00301608644968,121.02992049515926,2829300
2022-01-28,124.5904312133789,124.70702612140472,121.64876357964505,122.85053959290921,1965900
2022-01-31,123.45140075683594,124.01642065306156,122.66218203867986,123.60387730410744,2283100
2022-02-01,123.10163879394531,124.1061202034362,121.514223983001,123.7025267138556,1552300
2022-02-02,121.63081359863281,122.9043391760976,121.36176950010649,121.46938713951702,3039600
2022-02-03,122.402099609375,123.37967663317937,121.29897780197182,121.84605691838013,1990700
2022-02-04,118.97613525390625,121.81018479956707,118.91334917939182,121.64874466856298,2209800
2022-02-07,119.52320861816406,120.23171412816886,118.28555118427316,119.76534827578531,1888000
2022-02-08,119.48733520507812,120.44697138252182,118.96716050396564,119.6308345056981,1595500
2022-02-09,118.28555297851562,120.24069321076615,118.27658940452739,119.98956260579216,1900400
2022-02-10,117.4425277709961,117.98960692556724,116.75194930394946,117.62189506916664,2103800
2022-02-11,118.68018341064453,119.09272682106251,117.50531188967311,117.98064138006846,1472700
2022-02-14,118.71603393554688,119.09270930546917,116.45598171601308,118.68016595572611,1583300
2022-02-15,117.93578338623047,119.52321183086664,117.38870429993473,119.00303715169643,1685900
2022-02-16,117.50530242919922,118.55461539058206,116.17795444510533,117.79228734140445,2003400
2022-02-17,118.0523910522461,118.46493446272397,116.80576987605417,117.40665784164406,1566600
2022-02-18,119.41559600830078,119.53219091086693,118.11516598410437,118.28556970790174,1327100
2022-02-22,119.14654541015625,119.6846472779965,118.28556326282607,119.61289762531507,1555300
2022-02-23,118.33041381835938,119.70259348597902,118.15104652102727,119.66671181560405,1411800
2022-02-24,115.30802917480469,118.15104247904341,113.87306347554325,117.79229421180449,2213200
2022-02-25,118.21381378173828,118.63533443882417,115.72953508281975,115.98066570999278,1736600
2022-02-28,116.72502899169922,117.0658363911875,115.50531237151809,117.04789555836028,2039400
2022-03-01,115.39769744873047,117.03893472731808,114.38425932777389,116.33042918976469,1847000
2022-03-02,116.42908477783203,116.7071061150231,114.85061986756594,115.40666254194807,1993500
2022-03-03,117.2344741821289,118.08511632301833,116.2028475834017,116.61006606559394,1622300
2022-03-04,116.85440826416016,117.20733280669471,115.5874962863904,116.10330961041129,1534800
2022-03-07,115.77753448486328,116.81820554525801,114.34773369550611,116.36573746539422,1616600
2022-03-08,111.47908782958984,115.50605098246787,111.41574257451474,114.93594368679194,1989700
2022-03-09,111.81390380859375,113.70522387313797,111.18950258600454,113.5151881180791,1782300
2022-03-10,108.40229034423828,111.60576479228065,107.28921596404248,111.30713423855566,2909900
2022-03-11,106.35713958740234,109.23483668481047,106.25759606326916,107.94982906941878,2513400
2022-03-14,107.79598999023438,109.70540570068165,106.16710225957787,106.59242332836676,2295800
2022-03-15,109.54253387451172,109.94070112262649,108.32086443546241,108.41136358214426,2267200
2022-03-16,109.8773422241211,110.31171460028548,108.20321178003833,110.09453186426065,1916800
2022-03-17,109.80493927001953,110.29360557564657,108.87285622384945,109.99498192008085,1764800
2022-03-18,109.36154174804688,110.3388745310518,108.67378828177131,109.86831073040989,4134000
2022-03-21,109.2529296875,110.79131817330303,108.65566859510406,109.77778733656173,2515200
2022-03-22,110.75513458251953,111.12616171711147,109.18054761842,109.96783764841231,2114100
2022-03-23,109.14436340332031,111.52434329324785,108.8276370915985,111.48814501417739,1964600
2022-03-24,108.67378234863281,109.58776982195688,108.53804744516673,109.09005906631259,2818200
2022-03-25,108.8457260131836,109.75971351658049,108.05843593071563,109.34344368931937,1860000
2022-03-28,110.79132080078125,110.81846777760414,109.2348296912031,109.36152018578605,1499600
2022-03-29,112.26636505126953,112.91792011713707,111.0175557777662,111.0175557777662,1585200
2022-03-30,112.07633972167969,112.38402159986826,111.26189581366856,111.30714538238051,1247200
2022-03-31,111.45193481445312,112.59214934406386,110.68273359633027,111.76866107267833,1815600
2022-04-01,113.1441650390625,113.18941460793219,110.76418546457435,111.71436427380428,1529000
2022-04-04,113.13510131835938,113.17129958865635,110.99040731014773,112.35686267137372,1943300
2022-04-05,113.23466491699219,114.21199767599116,112.64646190666656,112.77315242311657,1391900
2022-04-06,113.99480438232422,114.02195136132333,112.56500365271057,112.89078120892925,1529000
2022-04-07,114.6463623046875,115.19837390491452,113.22561283462325,114.29343776081971,1806300
2022-04-08,114.09435272216797,115.55130049225527,113.85906738739024,115.14407507774207,1610700
2022-04-11,114.50155639648438,115.09881749873665,113.29798980251351,114.51965898364516,1426400
2022-04-12,113.96765899658203,114.86354383665042,113.2799056011596,114.23913569448301,1606800
2022-04-13,114.37488555908203,114.49252477938803,113.5966398761585,113.90432177374271,1444700
2022-04-14,114.40202331542969,115.24361418821148,114.05815007326095,115.05357843037234,1255500
2022-04-18,113.080810546875,114.70969823550266,112.82742955178054,114.42011896909267,1623500
2022-04-19,114.80925750732422,114.94499241323732,112.07634633301964,112.85459201279258,2055200
2022-04-20,115.4698486328125,116.04901410692352,114.92688833645535,114.92688833645535,1174200
2022-04-21,115.92232513427734,117.28877373562214,115.4155562007427,115.67798851001076,2369100
2022-04-22,125.34269714355469,127.95796198080717,124.15723303441051,125.53273980457774,6935300
2022-04-25,129.8402099609375,130.79039549731533,125.17075081936241,125.46936754018125,4790200
2022-04-26,125.94900512695312,130.66372848410202,125.91281375703461,130.13886386679084,3631100
2022-04-27,127.12543487548828,128.13897281997419,125.35176763704173,125.94901504120311,2652300
2022-04-28,128.4918975830078,128.85386654414975,126.03951437534428,127.29737515642404,2122800
2022-04-29,125.6323013305664,128.23852215098614,125.47846382494876,127.49646779752665,2926800
2022-05-02,123.08940887451172,126.52816872357982,121.67771080583387,126.45577218054139,2241900
2022-05-03,124.24771118164062,125.53271859935398,123.10748302457056,123.57805359428562,2087500
2022-05-04,125.91281127929688,126.41957329756183,123.09845939164819,123.44233953614057,2008900
2022-05-05,123.68665313720703,125.48748085423789,122.69123176351314,125.48748085423789,2130600
2022-05-06,124.51922607421875,124.70925494274117,122.69125109226835,123.87671529953367,2051900
2022-05-09,126.99872589111328,128.7090545264542,123.97624270412626,124.51920987429713,3018700
2022-05-10,125.74089050292969,127.72270312066286,124.90835080113078,127.06210351749563,2040400
2022-05-11,125.70469665527344,127.34262904352141,125.07124404769567,125.95807769830455,1559300
2022-05-12,126.3381118774414,127.2430478514054,124.92641396737393,125.71370384608991,1323200
2022-05-13,125.930908203125,126.84488867293615,124.43775538623102,126.84488867293615,1417800
2022-05-16,125.72276306152344,126.19333368978334,124.40156411633244,125.5870281727123,1363200
2022-05-17,125.47845458984375,126.0938045670251,123.62333265096179,125.42416062811957,1819400
2022-05-18,119.91309356689453,124.826904422826,119.54208021087062,124.81784622335628,2169900
2022-05-19,116.78201293945312,119.5149239792327,115.05358157867741,118.63713480892167,2655800
2022-05-20,116.1395034790039,117.09873359944056,113.53328982326839,116.80916120847382,2110600
2022-05-23,117.10779571533203,117.69599871580836,115.32507031555983,116.63722503001271,1521300
2022-05-24,119.58728790283203,119.76828615096713,116.79103895281334,117.16206602997156,1232000
2022-05-25,118.88146209716797,119.56922243441262,117.98558411209663,119.56922243441262,1426400
2022-05-26,119.82257843017578,121.27046773745984,119.59634443139132,119.87687238056765,1250800
2022-05-27,120.74560546875,120.78181064184218,119.46059798853194,120.32029824662477,1188300
2022-05-31,120.37460327148438,120.92661484198493,118.3656440351203,119.45156458791004,2843100
2022-06-01,118.90860748291016,121.46053411601658,118.24800794362459,120.73658241673765,1577500
2022-06-02,119.26152038574219,119.46966562690142,115.79562043257306,118.99909499711067,1518900
2022-06-03,118.94481658935547,119.95834071686929,118.44709891665471,118.9357583900687,994100
2022-06-06,119.34296417236328,120.39267943875888,118.88143797481253,119.08052499959373,1058400
2022-06-07,119.54206085205078,119.69589832758332,117.73218870475692,118.01271667827089,1229500
2022-06-08,118.37468719482422,119.26152069275878,118.05796784967629,119.18913795712355,1074300
2022-06-09,116.37515258789062,119.28772230128291,116.06472479889368,118.71252114679423,1493300
2022-06-10,116.64905548095703,117.6625153326645,114.52168769513298,115.46211022755752,1776300
2022-06-13,115.87298583984375,117.05079191867368,115.28863849042271,115.30690304571951,1713000
2022-06-14,112.5860595703125,116.34775678741059,112.15693308843856,115.81819615165611,2224800
2022-06-15,111.76433563232422,113.67257062284926,110.41304417760063,113.13388467597301,1784600
2022-06-16,111.0704345703125,112.7230216059275,110.13913727162968,110.8147865168347,1899000
2022-06-17,111.19825744628906,111.41738335187563,109.45436158171883,109.57306029523872,3203100
2022-06-21,114.20214080810547,114.71343693140662,111.80999243744166,113.34388777323234,1911800
2022-06-22,116.47560119628906,116.81342586083022,113.77302477762339,114.38475511951414,1704600
2022-06-23,120.59336853027344,120.72119255931518,117.0142817853301,117.18776023869555,2122000
2022-06-24,122.7663803100586,123.06766883456523,120.62074793887261,120.72118209096584,2431600
2022-06-27,121.9720230102539,123.22288715939456,121.43333711404993,122.43767855762682,1305800
2022-06-28,121.01335906982422,122.2459589010201,120.76685024900478,121.78031719658648,1162600
2022-06-29,122.57466125488281,122.73900048216213,121.25076639639938,121.49728916909415,1230400
2022-06-30,123.39635467529297,124.17243798541072,121.51550968195048,121.88073109391215,1715400
2022-07-01,124.86634063720703,125.13112790842987,123.40549675113878,123.83462321268807,1612900
2022-07-05,124.25460815429688,125.43242805714256,123.07680218322362,124.34591699065338,1359400
2022-07-06,125.06721496582031,126.19025521429137,124.85722134635368,125.14939849671885,1296800
2022-07-07,123.89852905273438,124.41896435566902,122.71158380955731,124.18156694796996,1240400
2022-07-08,122.52898406982422,124.10852672079947,122.42854991676953,123.38723702651454,1309700
2022-07-11,123.0037612915039,123.7798446266122,122.59289938011771,122.88506258732262,836100
2022-07-12,123.51505279541016,125.18590417638318,123.04027192797655,123.48766293111325,1240700
2022-07-13,124.21810150146484,125.05808991284133,122.83028789790777,123.14985491530868,1192800
2022-07-14,123.37811279296875,123.60637096719874,121.9902991927538,122.34638138728167,1475200
2022-07-15,122.96723175048828,123.9989631126847,122.40115596042718,123.98983780153856,1050500
2022-07-18,120.58424377441406,122.60203838015151,120.45640581300827,122.40117005762004,1631200
2022-07-19,120.73945617675781,121.34204720511329,119.96337276461135,121.34204720511329,1858000
2022-07-20,119.92687225341797,121.03163421701105,118.97731027310854,121.03163421701105,1341500
2022-07-21,119.1964340209961,119.42469221945386,118.17382781829848,118.91339608399245,1487500
2022-07-22,120.88552856445312,121.15944117136038,119.05946309410324,119.3151111454103,1256000
2022-07-25,121.81682586669922,122.1090030292342,120.46554131940975,120.68466025953707,1433100
2022-07-26,122.3189926147461,122.33725716974436,118.54816308457856,118.64859723940883,1757800
2022-07-27,120.56597137451172,122.56551522576937,119.57989438217479,122.56551522576937,1650600
2022-07-28,121.67072296142578,122.27332783938049,120.10030572711659,120.61161570135748,1081100
2022-07-29,120.32856750488281,120.86726735962517,119.20554123982666,120.86726735962517,2902500
2022-08-01,123.59722900390625,124.35504779748544,120.75769682170329,120.75769682170329,2070300
2022-08-02,121.43335723876953,124.38244915652855,120.94945098987878,124.1724555223508,1712500
2022-08-03,123.03115844726562,123.33246091527585,120.59336276802689,120.9859601485479,1318900
2022-08-04,121.21422576904297,123.14072547481693,120.43815627207564,122.784643251085,1211700
2022-08-05,121.78031921386719,121.88075337904887,120.45641050962463,121.20510409221076,781400
2022-08-08,122.61115264892578,123.31419171446412,121.9537819355828,122.12724644235048,889200
2022-08-09,122.7298583984375,123.48767723926025,122.27334203156408,122.80290268895011,754200
2022-08-10,123.86202239990234,123.93506668946914,122.96724030153926,123.30507188225745,1178300
2022-08-11,122.9216079711914,124.69289379839809,122.65682066246173,124.11767868723159,921300
2022-08-12,123.69766998291016,123.78897882834171,122.6933423420321,123.25941817474107,690600
2022-08-15,124.58331298828125,125.25896222265153,123.92592830937338,124.282010516134,976000
2022-08-16,125.44155883789062,125.87981062161225,124.45548187568718,124.48287174143397,1043100
2022-08-17,124.9302749633789,125.37766603387043,124.78418637728686,125.17679771093745,882400
2022-08-18,125.17681121826172,125.23159096101371,123.93508596603846,124.52855175488617,997300
2022-08-19,125.03982543945312,125.79764425202839,124.74766222006686,125.12199503880176,1147900
2022-08-22,124.36418151855469,125.09459648216591,123.79809181045187,125.04895599576952,1179400
2022-08-23,122.56553649902344,123.80726174951315,122.47422764004702,123.71595289053673,1063500
2022-08-24,122.06334686279297,122.79377582692442,121.76204439264723,122.48333411322129,955300
2022-08-25,121.33291625976562,121.67987314769064,120.43814810497182,121.63421872584154,1425000
2022-08-26,118.25599670410156,121.50639081828076,118.10078282019673,121.35117693437593,1434400
2022-08-29,118.31077575683594,119.26032360932552,117.31557348421917,118.00947330212414,813300
2022-08-30,117.62600708007812,118.81295240334775,117.32470461043305,118.81295240334775,1279600
2022-08-31,116.42992401123047,118.40207097307108,116.32036454805886,117.98208374306456,1828100
2022-09-01,117.34297943115234,117.79949583144123,115.4803916820672,116.41168207366604,1410000
2022-09-02,115.48037719726562,118.4751163270986,115.242986748443,117.62600261631829,1513100
2022-09-06,114.77734375,116.08298083364579,114.0651793345363,115.01473421045021,1662400
2022-09-07,116.35690307617188,116.70385303488281,115.03300132736538,115.4256057127511,1294400
2022-09-08,115.63818359375,116.35688990485146,114.10862336868784,115.82246473971828,1291100
2022-09-09,116.87288665771484,118.02466143333821,115.32490810795736,115.86854242771142,1395300
2022-09-12,116.93738555908203,117.73901625419995,116.59645771583511,116.87287942695771,1343000
2022-09-13,114.03492736816406,116.8268285055154,113.81378153341531,116.40297620039406,1139200
2022-09-14,112.23814392089844,114.18234026704731,111.51022143315724,113.90591854415364,2091200
2022-09-15,111.87877655029297,112.80941240121285,111.51020727003886,112.75412946963074,1462200
2022-09-16,112.431640625,112.70806937626692,111.86036484953192,112.14600273726596,2236500
2022-09-19,113.16878509521484,113.18721039897181,112.09072556360628,112.20129144589914,1154500
2022-09-20,112.0077896118164,112.69885446782195,111.23380034743033,112.69885446782195,1223400
2022-09-21,111.2430191040039,113.20564081000126,111.2430191040039,111.97093458298795,1234200
2022-09-22,111.2245864868164,111.99858279712369,110.50588014645098,110.84680801323667,1252700
2022-09-23,110.83758544921875,111.33515297072412,109.72266836635252,110.98500895751201,1365700
2022-09-26,109.44624328613281,111.27986672926562,108.75517843255321,111.0126611721717,1854600
2022-09-27,107.98118591308594,110.63487234001465,107.87982917522885,109.80559313476348,2040300
2022-09-28,107.97196960449219,108.83810644326451,107.5112597166133,108.83810644326451,2026000
2022-09-29,105.9448471069336,107.90746866514515,105.843490370935,107.51125788711654,2010400
2022-09-30,103.69658660888672,106.84784068248909,103.54915606445196,106.40556310893541,2293700
2022-10-03,105.11557006835938,105.4380655850125,103.10687466908064,104.12043501993688,2103900
2022-10-04,107.09663391113281,107.57576914738057,105.11557979709029,105.52099975703048,1713800
2022-10-05,105.57628631591797,106.78334404945836,105.32749902389219,106.7464864124962,1388500
2022-10-06,103.37408447265625,105.61313475654421,103.18058716786037,105.61313475654421,1535900
2022-10-07,100.9783935546875,103.8900835272184,100.90468531262837,103.52151419742174,2047600
2022-10-10,101.50360107421875,101.80766424314218,100.19517971178064,101.03367504242848,1479700
2022-10-11,102.6185302734375,103.27273751728447,101.6786780984246,101.93667452925152,1569600
2022-10-12,103.99144744873047,105.01422407034292,103.27274107243541,103.7518763133402,2493800
2022-10-13,105.57628631591797,106.00013859616975,102.67381243149502,102.87652591984923,1827000
2022-10-14,104.31392669677734,106.09226705528793,104.25864376258649,105.96326885559283,1369200
2022-10-17,105.20771789550781,106.15677920848164,104.84836471933083,104.94050529760368,1730500
2022-10-18,106.40555572509766,107.21640257359557,105.79741531631812,106.119910822546,1410100
2022-10-19,105.90798950195312,107.30854444451062,105.29984908579503,106.72805252625733,1192300
2022-10-20,103.4938735961914,105.99092045744716,103.31880158134726,105.69606639711115,1975600
2022-10-21,105.00499725341797,105.19849456357437,103.06080095581669,103.76108195676964,1678200
2022-10-24,106.75569152832031,107.03212026198415,105.0418502513038,105.67763212080581,2626600
2022-10-25,110.10044860839844,110.10044860839844,105.39199292468228,105.97249189081515,2773500
2022-10-26,110.76387023925781,111.45493507007166,109.17902710247807,110.17416214602,2201300
2022-10-27,111.7682113647461,112.97526891076885,111.22457009135364,111.3075015191039,1899800
2022-10-28,114.51405334472656,114.71676682856109,111.92486591727254,111.92486591727254,1766900
2022-10-31,114.67991638183594,115.13141015057869,114.13628203190343,114.4587775810054,2920000
2022-11-01,114.57855224609375,115.9975396005287,113.91512885650077,114.6799089878302,1883300
2022-11-02,112.66199493408203,115.32490460185083,112.46849762124505,114.25605426822736,1779900
2022-11-03,112.431640625,112.62514496881194,111.2706567413793,111.74057577670784,1837500
2022-11-04,112.8923568725586,114.0533478513448,111.93408641532695,113.30700002277716,1929600
2022-11-07,114.55091094970703,114.78126590311538,113.42677765229426,113.62027496957224,1212000
2022-11-08,114.79048919677734,115.51841173832831,113.98885137838877,114.92870358337892,1290700
2022-11-09,114.09941864013672,115.37097546814032,113.97042042700049,114.83655028236149,941200
2022-11-10,117.739013671875,117.97857774361866,115.52760488202172,116.15417058864891,1899100
2022-11-11,117.4349365234375,117.96015249472315,114.45875486539819,117.77586433904195,1633000
2022-11-14,117.53630828857422,120.15313716516152,117.27831186748817,117.58238209085754,1511400
2022-11-15,118.07073211669922,119.2962221327532,116.98345647604327,118.58672495298504,1317400
2022-11-16,118.87236022949219,119.72006473616548,118.29187533129473,118.29187533129473,1033500
2022-11-17,118.74337005615234,118.81708533038245,117.66531053257,118.25501866665994,1168400
2022-11-18,121.07455444335938,121.32334172269337,119.83985530255384,120.17156698841579,1350500
2022-11-21,123.00033569335938,123.1753936473464,121.25885281208923,121.62741511277318,1375400
2022-11-22,124.37324523925781,124.5851819240689,123.03718929209417,123.47025773879389,1789400
2022-11-23,123.47026824951172,124.85239811797639,123.37812063437991,124.63125227751131,1304800
2022-11-25,124.4193115234375,124.4193115234375,123.47025027668774,123.67296375266827,540500
2022-11-28,122.83447265625,124.41010671808547,122.83447265625,124.3087499765668,1220600
2022-11-29,122.6962661743164,122.73311678069659,121.21277970694018,122.2079147962128,1421100
2022-11-30,124.97218322753906,124.9998246992483,122.0881344946948,122.41063707763804,1798300
2022-12-01,125.86595916748047,126.60308381158907,125.14725279764863,125.31310162464766,1447300
2022-12-02,127.0914077758789,127.30334442206632,124.99979525718996,125.44207276011669,1932700
2022-12-05,126.39115905761719,126.68602015811177,125.05510308791004,125.4973806789008,1234400
2022-12-06,125.32230377197266,126.37272179696716,124.52988216997676,125.12881348459898,1476100
2022-12-07,125.95809173583984,126.9993006741629,125.57109708277538,125.98573320679078,1288900
2022-12-08,127.09182739257812,127.11970542587386,125.45625465889029,125.67929310533417,1193200
2022-12-09,126.57142639160156,127.59366827619095,126.26475382622473,126.88738690862779,2315300
2022-12-12,128.2069854736328,128.26274153153904,125.15885056735982,126.86878336358022,1764800
2022-12-13,128.9040069580078,129.851888614352,127.8167067508876,129.35935770073772,1618500
2022-12-14,129.2664031982422,130.48379115775006,128.067591139435,128.9597306757584,1644700
2022-12-15,126.77587127685547,128.65307260409097,125.93019975744838,128.2720538957763,1392800
2022-12-16,125.75362396240234,127.17546020790037,124.722094315661,126.55281305980206,3718300
2022-12-19,126.0696029663086,127.23123498351235,124.9916050511247,125.7443403294602,1305000
2022-12-20,125.80941009521484,126.26476081257148,124.64777797121582,125.98598044687543,1211700
2022-12-21,127.27770233154297,127.36133643305774,125.96737802083182,126.18111434028455,1195100
2022-12-22,127.72378540039062,127.78882942968248,126.21831461297887,127.0360940359766,1174800
2022-12-23,127.45428466796875,128.24420026919555,127.12903614634921,127.70520120413556,888400
2022-12-27,128.59730529785156,128.87608561608252,127.32414706426225,127.90032614211974,907000
2022-12-28,126.86882781982422,129.07127795933786,126.62719924412686,128.9411757186088,778600
2022-12-29,127.53791046142578,127.98397319583593,126.99891149147747,127.24052585176658,742000
2022-12-30,126.15325164794922,127.55649818207736,125.30758003847122,127.55649818207736,1114000
2023-01-03,127.4170913696289,127.45425735439056,125.29827573626088,126.44131765371723,1603300
2023-01-04,127.13829803466797,127.80739920721842,126.35768472671855,127.1290100834108,1551800
2023-01-05,125.95807647705078,127.25911284257748,125.75364228797602,126.87809413823963,1207200
2023-01-06,128.66236877441406,128.86681715876114,127.01749374765048,127.31487837218418,1136700
2023-01-09,127.33348083496094,129.35936061124508,127.29630066324006,128.44864492521427,2025800
2023-01-10,126.25545501708984,127.53790123836583,125.73504616789891,127.3706188625101,1246500
2023-01-11,126.67363739013672,127.7423472818512,125.81867798481157,127.16616819776884,1401900
2023-01-12,126.60858154296875,127.1754584433138,125.78150024706298,126.70150358133985,1579200
2023-01-13,127.1568832397461,127.38920963296785,126.10676340475884,126.10676340475884,1479400
2023-01-17,127.18479919433594,128.54159197453075,126.78519030520548,127.84461258705193,1534400
2023-01-18,123.44895935058594,126.7572852013423,123.33744721002347,126.53426092021736,1999900
2023-01-19,122.81703186035156,123.93219574761498,122.14793069197788,122.69621759437132,2109500
2023-01-20,125.57706451416016,125.84655688658295,122.25014891692445,122.92853800343217,2327200
2023-01-23,124.74070739746094,125.8001153898896,124.37827872057957,125.53062296044673,1744000
2023-01-24,125.11241149902344,125.20533354654512,122.78914760981972,124.34108618619851,1952300
2023-01-25,122.72410583496094,123.42108509497781,119.90831075889905,120.41014376695564,3729600
2023-01-26,121.06066131591797,122.01784508260822,119.47154227971645,121.86915276271378,2775300
2023-01-27,119.80608367919922,120.6052871119585,118.9139510986855,120.27073650801091,2374000
2023-01-30,119.87113189697266,120.91194960919039,119.47152312383903,120.06627812797457,1417300
2023-01-31,120.81903076171875,120.89337692044181,119.43437432323125,120.25215370902525,2930600
2023-02-01,120.81903076171875,121.6739903169142,119.51800843426476,120.17782173038205,1425700
2023-02-02,120.97700500488281,121.64610621997858,118.92324742027762,119.56447059975099,2047700
2023-02-03,121.98065948486328,122.08288367773206,119.74104355395926,121.22792414650208,1766200
2023-02-06,121.17216491699219,122.29663100925158,120.70751208516386,121.97136835494011,1392600
2023-02-07,121.06066131591797,121.33015373815654,119.36931808229905,119.9547852293333,1635700
2023-02-08,120.80973815917969,121.27439099825345,120.4380215599524,120.60528977558089,1353400
2023-02-09,119.18344116210938,121.66468537007377,119.14627517797925,121.0234622482254,1455500
2023-02-10,119.81536865234375,120.34507967045843,119.04405745416061,119.23920369656595,1735700
2023-02-13,120.90267181396484,121.06994002601691,120.11275633239717,120.18710248666886,1923100
2023-02-14,119.4901351928711,121.4788489332686,119.11840438433673,121.14429829562788,1809400
2023-02-15,118.73737335205078,119.28566734268485,117.77090176761344,119.14627717476345,1260600
2023-02-16,117.52928924560547,117.93818600930965,116.35836211593237,117.25978975044042,1741800
2023-02-17,118.2355728149414,118.37496300437512,117.00888951764364,117.50142042708318,2797200
2023-02-21,120.09417724609375,120.7818686010211,117.48283037601927,117.89172717191768,1936100
2023-02-22,119.44364929199219,121.00489009530963,119.27638108810727,120.26144276897173,1257600
2023-02-23,118.22625732421875,119.84325414238016,117.89170674736044,119.2020310217286,1220700
2023-02-24,117.27837371826172,117.9288919468338,116.81372087929866,117.41777098795858,1169000
2023-02-27,117.32483673095703,118.22626433371207,116.91593998165635,117.72443843867195,1052200
2023-02-28,116.20967102050781,116.88806015504129,115.87512042894308,116.83230408646024,2183600
2023-03-01,115.90299987792969,116.3397746605837,114.95510416024665,115.90299987792969,1338700
2023-03-02,117.71514892578125,117.93818739407847,115.67997430535681,116.04240295379019,1763000
2023-03-03,117.5478744506836,118.14262952360194,116.91594629945287,118.14262952360194,1055000
2023-03-06,117.25978088378906,117.74301667613967,116.84159619983255,117.18543473418464,1165300
2023-03-07,114.86217498779297,117.43635556536765,114.7599508008112,117.43635556536765,1464600
2023-03-08,115.04803466796875,115.31752704934242,114.49044564295556,114.94581048605227,1035400
2023-03-09,115.03865051269531,116.2114611515098,114.51323363715221,115.6954216071242,1363100
2023-03-10,114.78532409667969,115.61098740143662,114.43817671469631,115.38580975389762,1347400
2023-03-13,115.4796371459961,118.00352096297982,115.08557445969258,115.14186708394492,1805000
2023-03-14,116.0144271850586,116.23022032906329,114.91667817007496,115.91121927852838,1414900
2023-03-15,118.05043029785156,118.17240003033251,115.47024682855812,115.47024682855812,1936800
2023-03-16,119.0731201171875,119.23262064359534,117.85339420852861,118.35066476631067,1839200
2023-03-17,117.62822723388672,119.49533990666532,117.12157214090922,119.01683112580848,5456000
2023-03-20,120.54617309570312,121.1560432603282,118.88547626499673,118.96053786909845,1559100
2023-03-21,120.11458587646484,120.94023488238274,119.3170688657721,120.49925690939314,1528100
2023-03-22,119.5422592163086,121.65331859552343,119.50472841279695,120.37729990920317,1429200
2023-03-23,119.50472259521484,120.4711103159524,119.17632987004164,119.17632987004164,1385000
2023-03-24,122.42266845703125,122.51649903991951,120.03952340696061,120.22717025620022,1569800
2023-03-27,122.27255249023438,123.67992525287592,121.85972085588041,122.9105546040279,1251000
2023-03-28,123.44537353515625,123.67054403358306,122.21625585958175,122.75106442641997,1557500
2023-03-29,124.2991714477539,124.7776873999119,123.79252349924627,123.85819345713726,1349200
2023-03-30,124.79642486572266,124.86210913109917,124.1208848164515,124.14904544199543,1280900
2023-03-31,125.93174743652344,125.98804007045966,125.11547561136892,125.11547561136892,1660400
2023-04-03,126.67292022705078,127.1420444600002,125.12481598493184,125.87541762095802,1905300
2023-04-04,126.15689086914062,128.15535030044313,125.83787552067464,127.17957822732033,1642300
2023-04-05,127.2828140258789,128.34302525456192,126.58850487784785,127.02010555182135,1421100
2023-04-06,128.06155395507812,128.63388616206217,127.3390985391881,127.78945384936888,1465700
2023-04-10,127.1983642578125,127.6299505785138,126.42899356602958,127.21711892112168,1015200
2023-04-11,127.59242248535156,127.81759296950361,126.9356370624778,127.35786035333561,1317600
2023-04-12,128.28671264648438,128.82152116029548,126.70107040010731,127.04823207832247,1119100
2023-04-13,128.9716339111328,129.2530969834656,127.32969917869609,127.62055389779647,1527100
2023-04-14,128.84967041015625,129.37508728842923,128.36177717324438,128.36177717324438,1183500
2023-04-17,130.06939697265625,130.24766648218946,129.08423316286604,129.26250267239925,1402600
2023-04-18,130.16322326660156,130.46346968822647,129.53459842742893,129.84422218102813,1730400
2023-04-19,129.85360717773438,130.79185582588718,129.66596031141145,130.79185582588718,946600
2023-04-20,130.5478973388672,130.82937475567059,129.82544197626353,130.24766525973672,1564500
2023-04-21,132.82785034179688,133.0436434935684,130.97010795738922,130.97010795738922,2005800
2023-04-24,133.63473510742188,133.70041937835242,132.5557549934394,132.7527934896942,1939700
2023-04-25,135.73641967773438,138.7388122555433,134.8450863944604,135.9146891976966,4344000
2023-04-26,134.7418670654297,136.70280298584214,134.21645019838482,134.53545125101408,2559300
2023-04-27,137.3408203125,137.37834395330648,134.96705274761686,135.0421000292298,1636400
2023-04-28,135.9428253173828,138.00696916508463,134.920137882897,137.51909025038844,2165700
2023-05-01,136.8435516357422,137.4064921548056,135.8865341418374,136.15861991190428,1606600
2023-05-02,136.87171936035156,137.3126973767067,135.89593273484888,136.78726610022304,1398500
2023-05-03,136.59022521972656,137.94130541834406,136.3181251237773,136.98428789156722,1674500
2023-05-04,135.4924774169922,137.12502074195783,135.09841474143025,136.42133432491076,2222000
2023-05-05,136.2149200439453,136.84355918219782,134.93891573708652,135.23914783383654,1636600
2023-05-08,135.8021240234375,136.44012627704274,135.40806128152732,136.03668620194634,1421800
2023-05-09,135.03271484375,136.67464962684502,134.7887754013571,136.2430633582626,1372300
2023-05-10,134.55422973632812,135.35173242424787,133.7567127318715,134.92014610291176,1678800
2023-05-11,134.8075408935547,135.29543413407555,134.04756188067844,134.99520205135707,1618300
2023-05-12,135.7176513671875,135.7739583078774,134.479170686216,134.99521026851127,1094400
2023-05-15,134.967041015625,136.31810671525668,134.51667146587968,136.05539830283928,1720600
2023-05-16,135.72702026367188,135.98972867670494,134.29150132226448,135.1640654834383,1617100
2023-05-17,135.90530395507812,136.121097106217,134.6386627254714,135.86776599698842,1403700
2023-05-18,134.92013549804688,135.35172178545986,133.6722632904645,135.34234445452853,1273900
2023-05-19,136.07418823242188,136.30875037366462,134.59175378178327,135.1734776273104,1745600
2023-05-22,132.01156616210938,135.8583908866217,131.83329664960974,135.4361819086963,1751800
2023-05-23,130.01312255859375,131.786411937926,129.7879377281963,131.60814240342867,1825100
2023-05-24,129.14991760253906,130.40718164156092,129.0467096810493,130.39778999271957,1081900
2023-05-25,128.5775909423828,129.05610692482477,127.95835770313671,128.42748203633016,1268000
2023-05-26,127.88329315185547,128.74648018710246,127.17021501921018,128.35241747426394,1257600
2023-05-30,125.32186889648438,126.66355748531697,124.89026825318402,126.42899534182564,1941100
2023-05-31,125.98802185058594,126.69170830610375,124.59002627167035,125.80037499242204,5126100
2023-06-01,125.65962982177734,126.67294004143596,125.12483555716004,126.62603906403304,1546500
2023-06-02,127.68623352050781,127.72377147735385,125.23740438985972,125.453211850385,1869500
2023-06-05,128.18350219726562,129.96618289141225,127.21710741240318,127.21710741240318,1568500
2023-06-06,127.24526977539062,128.66203431534214,126.56972964218376,128.39932585426584,1520600
2023-06-07,126.66355895996094,127.07639062795788,125.08730820928596,125.80974931174337,1893200
2023-06-08,127.51544189453125,127.68580891785412,126.63516894569216,126.7866159282764,1419100
2023-06-09,127.30719757080078,127.54382804955691,126.71088414264628,126.89072561734545,1033200
2023-06-12,127.4586181640625,127.70470861163672,126.48370194878252,127.70470861163672,1762100
2023-06-13,127.26931762695312,127.52486809416315,126.49316287913649,126.97588375997525,1362300
2023-06-14,127.8940200805664,128.28209748206012,127.06109072360532,127.42075918394764,1335100
2023-06-15,129.0298614501953,129.3705954403699,127.73311673555371,128.6701785368642,1493100
2023-06-16,130.31712341308594,130.49696487824227,129.63564095778545,130.0899674089116,2594500
2023-06-20,129.0961151123047,131.13113132165563,129.06772061210182,130.57268689396287,1585100
2023-06-21,130.7620086669922,131.05544261925039,128.95416262151232,129.18131865838376,1359800
2023-06-22,130.1372833251953,131.7558274635489,130.00477085513842,131.51919702110618,1288300
2023-06-23,129.6450958251953,131.3961669826016,129.43685986779207,130.62001215177554,3228900
2023-06-26,129.0961151123047,130.18460946748732,127.68579235019406,129.61670502065272,1674000
2023-06-27,130.87557983398438,130.92290881489174,128.80269467812582,129.0866541207928,1292600
2023-06-28,129.63563537597656,130.38338126215,128.23477267759117,130.37392124330924,1254600
2023-06-29,129.82493591308594,130.34552580109997,128.5849946434014,129.20022804746912,1232500
2023-06-30,130.6768035888672,130.95130301182832,129.82493970561487,130.1940826473945,1593700
2023-07-03,130.12782287597656,130.5537548296816,128.84055255276692,129.522049455806,1012100
2023-07-05,130.27926635742188,130.60108031892304,129.4368624918587,130.2224773574837,1847300
2023-07-06,130.49697875976562,130.51591324305346,129.03934128774108,129.65457478819488,1672800
2023-07-07,128.12120056152344,129.76815381036064,127.83724111272012,129.7208248284305,1610100
2023-07-10,127.95081329345703,129.55043748758231,127.62899933941843,128.6039156631557,1717200
2023-07-11,127.97921752929688,128.253702493465,126.91910330383494,128.11173000213256,1305500
2023-07-12,127.4586181640625,128.02652252987423,127.04214629680207,127.88455004911512,1800900
2023-07-13,127.57221221923828,127.95081517747295,126.82446632175287,127.95081517747295,1097300
2023-07-14,127.90348052978516,128.16850544743554,127.02320784826622,127.6479156296313,1317300
2023-07-17,127.34503936767578,128.13065421177728,126.93804191741785,127.87510371905677,1059100
2023-07-18,126.7392578125,128.25369840472143,126.59728532569368,127.16520415847069,1363600
2023-07-19,128.11175537109375,128.33891140220754,126.83394492496194,126.89073393274037,1685200
2023-07-20,127.65740203857422,127.71419104084326,123.82399995763618,125.87795071544058,2282500
2023-07-21,129.81546020507812,130.1940775939878,127.8940220900384,128.03600902692077,2080700
2023-07-24,129.83441162109375,130.77147353275387,129.2665071278155,130.02371311885318,2589800
2023-07-25,125.81168365478516,129.46525860503135,124.20259938445213,129.46525860503135,3840500
2023-07-26,124.8367691040039,126.37012991475407,124.45816613236457,125.73596199373051,2739400
2023-07-27,123.35072326660156,125.17750333932351,123.04782936946735,125.17750333932351,3376800
2023-07-28,123.44538116455078,124.89355847741147,123.25607967816737,123.8807875817325,1816000
2023-07-31,122.19596862792969,123.63467134712646,121.61858975944405,123.18980495127147,3115200
2023-08-01,122.101318359375,123.12356368807512,121.67538641644425,122.12025284030756,2011400
2023-08-02,122.54618072509766,123.3980445827495,121.87414388062987,122.06345979813183,1443900
2023-08-03,121.77949523925781,123.32231591397276,121.5617848318488,122.70708253631526,1215500
2023-08-04,120.93709564208984,122.12971521524541,120.86137938106486,121.77003228447458,1355400
2023-08-07,121.70378112792969,122.31901455292346,121.09800772203003,121.09800772203003,1116600
2023-08-08,120.71939849853516,122.19597750587945,120.69100399824966,122.19597750587945,1177100
2023-08-09,120.9749526977539,121.92147452709902,120.61527700230262,120.68153324150124,1191100
2023-08-10,120.94656372070312,122.23383404510018,120.61528250958376,120.82351847696988,1498500
2023-08-11,121.11693572998047,121.59020387898927,120.8803052661704,121.56179493597692,918700
2023-08-14,120.61528778076172,122.2527738692692,120.5206370336467,121.77951291230497,1324100
2023-08-15,119.73501586914062,120.87083921807896,119.54571438478048,120.42598000769375,1179200
2023-08-16,119.59303283691406,120.67206715497313,119.47945483799535,120.16094449567328,1268600
2023-08-17,120.05683135986328,120.80458450893263,119.47945965882373,119.63089940395524,1711100
2023-08-18,121.38196563720703,121.89308107462169,119.5835654803381,119.9148539005652,2220600
2023-08-21,119.92430877685547,121.74162889374273,119.57410033369624,120.89923229361378,1203300
2023-08-22,121.10746765136719,121.44821609460678,119.5551723972262,119.83913184038873,1336600
2023-08-23,121.82683563232422,122.32849106548936,121.22106221626949,121.69432314889904,1597500
2023-08-24,121.6659164428711,123.4453822039692,121.65645642344444,122.10132286371896,1397000
2023-08-25,122.30009460449219,122.75442104855605,121.21158581122643,122.29062014261389,1165800
2023-08-28,122.56510162353516,123.03836247929289,121.95932830587627,122.3473912310885,1486800
2023-08-29,122.58404541015625,122.85854484763526,121.40089304152104,122.85854484763526,1235300
2023-08-30,122.53673553466797,123.22769250027818,122.23384158423262,122.63137906209515,930300
2023-08-31,121.9404067993164,122.79227065318894,121.91201230037244,122.50831122097253,1795500
2023-09-01,120.6436767578125,122.20543928855052,119.75394388862104,122.06346678507425,2271700
2023-09-05,120.22720336914062,120.74779328021698,119.73501517980462,120.06629638622199,2198100
2023-09-06,119.82019805908203,121.09800833938611,119.82019805908203,120.1609465043113,2136000
2023-09-07,121.46353912353516,122.21832799464246,119.76287872834932,120.2501489695626,1723800
2023-09-08,121.7979507446289,122.20878502930753,121.16736483772556,121.66418413370756,1261300
2023-09-11,122.342529296875,122.9444388806074,122.08455971603492,122.32341665937959,1311900
2023-09-12,119.26605987548828,122.39031301681449,119.08452625199354,122.33297509991722,1788100
2023-09-13,119.4189224243164,120.18326760400998,119.18006546682915,119.781989664872,1356400
2023-09-14,120.26925659179688,120.5081135571924,119.28516706066105,119.66733966316113,982100
2023-09-15,119.43802642822266,121.17690466144501,119.20871851729078,120.10682294510228,2274300
2023-09-18,119.54313659667969,120.17371519450707,118.98898668783957,119.80109891185087,1378100
2023-09-19,118.82655334472656,119.3711468773127,118.3297268266234,119.18005695137481,942900
2023-09-20,119.3615951538086,120.23103065995724,118.72146027827758,119.33293348614835,1212200
2023-09-21,119.68644714355469,120.75652899173558,119.52402615363522,120.0017400929298,1675800
2023-09-22,118.44438934326172,120.06861373978715,118.23419405420495,119.50491481853115,1439800
2023-09-25,117.97623443603516,118.8361136718311,117.52718217905867,118.43483572321486,1142900
2023-09-26,118.02399444580078,118.75967793057552,117.40296492067986,117.40296492067986,1375400
2023-09-27,116.23735046386719,118.40616837780327,115.58765926372735,118.07177010332005,1466900
2023-09-28,116.1800308227539,116.82016576433304,115.55900123180766,116.67685741124546,1319100
2023-09-29,115.46346282958984,116.81061969748517,114.99530518917376,116.80106337725806,1710200
2023-10-02,113.7054672241211,115.22459396338074,112.90290406257321,114.8997520025337,1742300
2023-10-03,115.17682647705078,115.94116435852234,113.70546676131491,113.78189544692702,1720200
2023-10-04,115.62588500976562,115.72143363434108,113.87745743581876,115.29148669176139,1564000
2023-10-05,113.2086410522461,115.30103032359834,113.02711472206965,114.96663204239351,1598500
2023-10-06,113.51437377929688,113.89654635445002,111.13536061520527,113.00799821518657,1260000
2023-10-09,113.28507232666016,113.90610184560386,112.10989294223835,113.48571128705694,1188200
2023-10-10,114.37425994873047,114.78509419030041,113.46660646330957,114.23094432225992,1212400
2023-10-11,114.03031158447266,114.92841608932493,113.35195869078022,114.80421309391734,1068300
2023-10-12,114.41248321533203,115.02395644644665,113.08443910812976,114.63223482464005,2032600
2023-10-13,115.04307556152344,115.60677451689796,114.60357231816556,114.71822628895497,1370800
2023-10-16,116.27556610107422,116.81061065231252,115.27237123500737,115.71186717004656,1408600
2023-10-17,116.34244537353516,116.55264066553956,115.53033316388394,116.01760340540906,1392100
2023-10-18,117.92845153808594,118.2915114714369,117.02079806004078,117.31697834016036,2036600
2023-10-19,117.38385772705078,118.67368377320673,116.80104619764168,117.99533092358894,1696700
2023-10-20,117.60360717773438,118.42527568826681,117.18322389256453,118.08132108900504,2082700
2023-10-23,116.38066864013672,117.82336679123063,116.25646563892668,117.68960747013172,2921900
2023-10-24,115.1290512084961,117.9762292921633,113.10354162531439,117.03990683021387,3814700
2023-10-25,113.4857177734375,116.0176030096368,113.1895374753522,115.54944540861965,3675900
2023-10-26,114.81375122070312,116.68638874010357,113.17041432079338,113.27551195667147,3365100
2023-10-27,111.65129852294922,114.49846941833518,111.43154691134434,114.18318376945646,2507300
2023-10-30,114.19273376464844,114.30738773115073,112.22455472037662,112.45385536404517,2026100
2023-10-31,114.30738830566406,115.01440287930826,113.46661441509625,114.57490693951127,2835700
2023-11-01,114.14496612548828,114.65134171845101,113.59081622440846,114.65134171845101,1973700
2023-11-02,115.654541015625,115.7405260209073,114.04942197966648,114.87109049148667,2037600
2023-11-03,114.06853485107422,116.40933025859829,113.82012155942854,115.88384929432569,2482000
2023-11-06,115.4061279296875,115.61632321761458,114.06852751597172,114.06852751597172,1603300
2023-11-07,115.04307556152344,116.0558267908194,114.83288025974436,115.18638391333981,1484700
2023-11-08,115.28192901611328,115.81696628479914,114.4793658237484,115.4730116722622,1252500
2023-11-09,114.7659912109375,115.60676505993985,113.69590943911439,115.3870134562372,2289100
2023-11-10,115.45388793945312,115.72141383742644,114.2404978818924,115.35834662055892,1319000
2023-11-13,115.81696319580078,116.07492550365524,115.34880559818706,115.40612893563564,1097900
2023-11-14,115.74051666259766,116.5812904556093,115.53032139201095,115.97937359929433,1236700
2023-11-15,116.13225555419922,116.62907481807204,115.5781056638264,115.79784998251283,1966100
2023-11-16,116.2851333618164,117.45075661149353,115.39658508864751,116.37112566661943,2568700
2023-11-17,115.7978515625,117.03035435369657,115.68320488660746,116.81061003201188,1934100
2023-11-20,115.16726684570312,115.78829636795665,114.89019191148738,115.32013150186683,1733200
2023-11-21,116.13225555419922,116.3137818849976,115.0048504241775,115.39657204369217,1500800
2023-11-22,116.86792755126953,117.1067844999346,116.30422865130106,116.63862692156503,1427200
2023-11-24,116.97303009033203,117.23099239838538,116.28512088307524,116.99213543971766,666500
2023-11-27,116.94437408447266,117.11635139461464,116.18002886398911,117.11635139461464,1387400
2023-11-28,116.55264282226562,117.53673235364525,116.39022183519708,116.9061537552996,1802400
2023-11-29,116.34244537353516,117.01124923803425,115.95072374789275,116.28512203547432,1657500
2023-11-30,118.215087890625,118.27241122748714,115.53988706724267,116.21823994767597,2741400
2023-12-01,118.51126861572266,118.53037396496778,117.62272044444,118.22463735169502,1801200
2023-12-04,118.6354751586914,119.30427903165433,118.0908815722135,118.26285887790841,1693500
2023-12-05,116.03671264648438,118.93166523435613,115.57811134794562,118.68325194553485,2001900
2023-12-06,116.99214172363281,117.01125436338093,115.75964616532279,116.35200678946082,2415600
2023-12-07,117.20437622070312,118.09192834523903,116.49048215902889,117.20437622070312,2007000
2023-12-08,115.70906066894531,117.15614744125223,115.37140120052922,117.04037784977265,1795500
2023-12-11,116.70272064208984,116.75095244956746,115.37139615917313,116.06599895717078,1337300
2023-12-12,117.47449493408203,117.53238340699552,116.59659949774935,116.95355019970555,1650700
2023-12-13,119.25924682617188,119.29783668988452,116.53872399667316,116.8860254098231,2310700
2023-12-14,116.5772933959961,119.16275509200801,116.3940007642943,119.16275509200801,2112100
2023-12-15,115.22669219970703,115.67046456939264,114.06901842811264,115.36175303568685,5047900
2023-12-18,116.33611297607422,116.80883323598619,115.2942162079062,115.55468855988242,1710100
2023-12-19,116.50977325439453,116.74131243105774,115.78622988791541,116.24930088097808,1277800
2023-12-20,114.60926818847656,116.17211709487663,114.57067832704818,115.9598765371523,1801100
2023-12-21,115.217041015625,115.39069171051966,113.89536587335658,115.13021198804596,1369500
2023-12-22,115.96952819824219,116.45189043549979,115.4099862365601,115.50646457222253,1134000
2023-12-26,115.853759765625,116.15282936068301,115.45822655447094,115.97917865913,792600
2023-12-27,116.06600189208984,116.13353231247703,115.34245851925691,115.44857880276018,941800
2023-12-28,116.5580062866211,116.62553670286006,115.85375420847475,116.09493531793724,1129700
2023-12-29,117.22367095947266,117.32014193322573,116.50012761592933,116.55800872812847,1765800
